lag,baseline_ret,baseline_abs,no_jumps_ret,no_jumps_abs,no_informed_ret,no_informed_abs,price_learning_bug_ret,price_learning_bug_abs
1,-0.13550,0.19189,-0.32122,0.17082,-0.21074,0.09564,-0.02745,0.26988
2,-0.00306,0.08027,-0.07862,0.04063,-0.04795,0.02748,-0.15036,0.17866
3,0.03292,0.04819,-0.00809,0.01238,-0.05563,0.01611,-0.12249,0.13735
4,0.02904,0.03837,0.00279,0.00543,-0.01349,-0.00128,-0.08193,0.10336
5,0.01517,0.02289,-0.02136,-0.00287,-0.00690,-0.00685,-0.04623,0.08273
6,0.02561,0.01851,0.01379,0.00590,-0.02357,0.00689,-0.02953,0.07296
7,0.02281,0.00639,-0.00621,-0.00342,-0.00593,0.01749,-0.02278,0.04580
8,0.02199,0.01008,0.00168,-0.00818,-0.01999,0.00026,-0.01738,0.03566
9,0.01903,0.01810,0.01431,0.00596,-0.00552,0.00563,-0.00353,0.02375
10,0.01818,0.03186,-0.00473,0.01292,-0.00073,-0.00814,0.00322,0.01524
11,0.01062,0.01109,-0.00696,0.00424,-0.00697,0.00150,0.01426,0.02722
12,0.02013,0.01001,0.02119,-0.00403,0.00121,-0.00477,0.00511,0.01239
13,0.00889,0.01791,-0.00673,-0.00685,0.00361,0.00690,0.00010,0.00076
14,0.01254,0.01322,0.00061,0.01408,-0.00917,0.00530,0.00830,0.00041
15,0.00604,0.01114,-0.00117,-0.00033,0.01511,0.00051,0.00095,-0.00355
16,-0.00429,0.00624,-0.00054,-0.00020,-0.01063,-0.00740,-0.01585,0.00039
17,0.00991,0.01310,-0.00694,0.00472,0.01116,-0.00361,0.00370,-0.00289
18,0.01108,0.00806,0.00925,0.00843,-0.01088,-0.00147,-0.00925,0.00073
19,0.01190,0.00875,-0.00197,-0.00828,0.00010,0.01217,0.00041,-0.00304
20,0.00925,-0.00616,0.00240,0.00278,0.00247,0.00288,0.01282,0.01867
21,0.00677,-0.01058,-0.00218,0.00390,0.00692,-0.00429,0.00139,0.00466
22,0.00318,-0.01236,-0.00077,0.00316,-0.00435,-0.00282,-0.00066,0.00227
23,0.00560,0.00084,0.00044,0.00291,-0.00217,-0.01515,-0.00087,-0.00376
24,0.01334,-0.00728,0.00189,0.00173,-0.00082,-0.00526,0.00308,0.00075
25,-0.00316,0.00214,0.00222,0.00355,-0.00589,-0.00839,0.00401,0.00464
26,-0.00190,-0.00724,-0.00901,-0.00786,-0.01228,0.00175,-0.00638,-0.00355
27,0.00063,-0.00428,0.00475,-0.00275,0.00287,-0.00331,-0.00062,-0.00005
28,0.00818,0.00778,0.00129,0.00904,0.00143,-0.00151,-0.00417,-0.00193
29,0.00016,0.01209,-0.00703,0.01061,0.00449,-0.00627,-0.00514,-0.00459
30,0.00797,0.00273,0.00265,-0.01007,-0.00779,-0.01061,0.00674,0.00606
31,-0.00535,0.00009,0.00849,-0.00027,0.01058,0.00427,-0.00084,0.00438
32,0.00216,0.00129,-0.00680,-0.00600,-0.00029,-0.00362,0.00340,0.00540
33,0.00425,-0.01312,0.00154,-0.01565,0.00692,-0.00688,-0.00478,0.00761
34,-0.00697,-0.00760,-0.01042,-0.00360,-0.00264,-0.00997,-0.00432,-0.00578
35,0.00720,0.00011,0.00601,0.00797,-0.00602,0.00806,0.00185,0.00287
36,-0.00385,0.00225,-0.00476,-0.00720,0.00583,0.00169,-0.00571,-0.00128
37,0.00419,-0.00781,-0.00996,-0.01648,-0.00553,0.00109,0.00167,0.00149
38,0.01155,0.00944,0.00802,0.00506,0.01135,0.00865,0.00885,-0.01195
39,0.01146,0.00966,0.01303,0.01271,-0.00985,-0.00367,0.00748,-0.00968
40,-0.00252,0.01058,-0.00650,0.00376,0.00595,0.00948,-0.00223,-0.01255
41,0.01902,0.01375,0.00318,0.00840,-0.00386,0.00390,-0.00352,-0.01923
42,0.00231,0.02253,-0.00366,0.00901,-0.00277,-0.01486,0.00055,0.00123
43,0.00385,0.00518,0.00262,-0.00118,0.00605,-0.00730,-0.00341,-0.00808
44,-0.00637,0.01562,-0.00259,-0.00266,-0.00560,0.00884,-0.00176,-0.00280
45,-0.00099,0.01266,-0.00131,0.00688,-0.01154,0.00002,0.00499,-0.00147
46,0.00642,0.01425,-0.00297,0.00250,0.00911,-0.00453,-0.01602,-0.00459
47,0.01206,0.01895,0.00499,0.01081,0.00436,0.00416,-0.00127,-0.00470
48,-0.00828,0.01106,-0.00526,-0.00625,0.00405,-0.00396,0.00655,-0.00264
49,0.01201,0.01519,0.00504,-0.00184,0.00606,0.00295,0.00252,-0.00432
50,-0.01093,0.00169,-0.00003,-0.01399,0.00425,0.00136,0.01432,0.00180
