flush,msg_size,batch,reps,msgs,msgs_per_s_median,mb_per_s_median,load1
none,1000,1,3,63488,32317,32.3,9
none,1000,10,3,200000,261422,261.4,9
none,1000,100,3,200000,1187678,1187.7,9
none,1000,1000,3,200000,1519509,1519.5,9
fsync,1000,1,3,29280,14639,14.6,9
fsync,1000,10,3,200000,109909,109.9,9
fsync,1000,100,3,200000,594856,594.9,9
fsync,1000,1000,3,200000,1324056,1324.1,9
full_fsync,1000,1,3,464,231,0.2,9
full_fsync,1000,10,3,4640,2317,2.3,8
full_fsync,1000,100,3,46400,23185,23.2,8
full_fsync,1000,1000,3,200000,197572,197.6,8
