msg_size,batch,reps,msgs,msgs_per_s_median,mb_per_s_median,mb_per_s_min,mb_per_s_max,load1
100,1,3,95712,32886,3.3,3.2,3.4,8
100,10,3,888160,272106,27.2,26.0,29.6,8
100,100,3,1000000,2333579,233.4,229.6,240.2,8
100,1000,3,1000000,12744103,1274.4,1138.9,1281.5,8
1000,1,3,82608,27534,27.5,21.3,29.6,8
1000,10,3,268440,222887,222.9,217.2,225.6,8
1000,100,3,268500,1001623,1001.6,948.6,1132.2,8
1000,1000,3,269000,2528003,2528.0,2279.9,2724.8,9
10000,1,3,26843,25457,254.6,253.6,255.8,9
10000,10,3,26850,131141,1311.4,1306.6,1347.6,9
10000,100,3,26900,182797,1828.0,1678.3,2147.5,9
10000,1000,3,27000,202064,2020.6,1778.1,2117.1,9
