variant,scenario,book_orders,ops,mean_ns,p50_ns,p90_ns,p99_ns,p999_ns,max_ns
identity_r2,add,1000,300000,98.0227,83,125,167,250,1.56196e+06
identity_r2,cancel,1000,300000,134.228,125,167,250,500,665667
identity_r2,match,1000,300000,46.7162,42,42,84,208,524125
identity_r2,add,10000,300000,119.079,83,125,209,542,871500
identity_r2,cancel,10000,300000,179.296,125,250,542,1209,1.19417e+06
identity_r2,match,10000,300000,84.6483,42,84,250,500,2.65317e+06
identity_r2,add,100000,300000,117.74,83,125,250,2375,766792
identity_r2,cancel,100000,300000,639.427,375,667,1167,18458,6.16017e+06
identity_r2,match,100000,300000,190.286,83,250,583,5625,5.92788e+06
identity_r2,add,1000000,300000,137.636,84,167,333,2291,1.54383e+06
identity_r2,cancel,1000000,300000,750.777,417,709,1417,15125,1.45715e+07
identity_r2,match,1000000,300000,679.574,84,291,584,1250,6.10758e+07
