key,runs,median_orders_per_wall_sec,median_orders_per_cpu_sec,max_orders_per_wall_sec,max_orders_per_cpu_sec
identity:add,3,4843940,9792730,9811000,12916200
identity:add_strided_ids,3,22856,55547,66354,70857
identity:cancel,3,734307,1545120,1018110,2137350
identity:match,3,124589,268100,186919,318169
idmap:add,3,3039080,4399830,3532490,4633880
idmap:add_strided_ids,3,3950850,6455430,14085300,14082000
idmap:cancel,3,1772080,2157800,1795720,2215300
idmap:match,3,2407410,3783730,2738200,4458620
stdmap:add,3,5936330,9801220,7231290,11512600
stdmap:add_strided_ids,3,10427100,10426200,12922000,12921300
stdmap:cancel,3,625828,1364100,1025110,1401350
stdmap:match,3,963640,2182710,985156,2230330
