workload,impl,batch,phase,n,min_ms,median_ms
mlp,smolgrad,1,forward,320,0.10925000242423266,0.35997899976791814
mlp,smolgrad,1,backward,320,1.5758750087115914,1.9821665046038106
mlp,smolgrad,1,optimizer,320,1.3543749955715612,2.688562497496605
mlp,smolgrad,1,step,320,3.2106669968925416,6.2163534967112355
mlp,numpy_manual,1,forward,320,0.04341699241194874,0.20533349743345752
mlp,numpy_manual,1,backward,320,0.7604170095873997,0.9085830024559982
mlp,numpy_manual,1,optimizer,320,1.3333329989109188,3.021874996193219
mlp,numpy_manual,1,step,320,2.3246249911608174,4.485166507947724
mlp,torch,1,forward,320,0.06395899981725961,0.28727050084853545
mlp,torch,1,backward,320,0.22733300284016877,0.4557704960461706
mlp,torch,1,optimizer,320,0.9984999924199656,2.067270499537699
mlp,torch,1,step,320,1.2925420014653355,3.0441040071309544
mlp,smolgrad,32,forward,320,0.1984999980777502,0.798020999354776
mlp,smolgrad,32,backward,320,0.8968750044004992,1.2843959993915632
mlp,smolgrad,32,optimizer,320,1.3228749885456637,2.6306250001653098
mlp,smolgrad,32,step,320,2.4326249986188486,5.1299164988449775
mlp,numpy_manual,32,forward,320,0.15300000086426735,0.6018124986439943
mlp,numpy_manual,32,backward,320,0.13954199675936252,0.3288329971837811
mlp,numpy_manual,32,optimizer,320,1.3135000044712797,2.723603989579715
mlp,numpy_manual,32,step,320,1.6225840081460774,3.8582914930884726
mlp,torch,32,forward,320,0.15483300376217812,0.6723749902448617
mlp,torch,32,backward,320,0.16991699521895498,0.49737550580175593
mlp,torch,32,optimizer,320,0.9833749936660752,2.15508299152134
mlp,torch,32,step,320,1.317540998570621,3.723312504007481
mlp,smolgrad,128,forward,320,0.4178340022917837,1.4460619931924157
mlp,smolgrad,128,backward,320,1.1517079983605072,2.1951874950900674
mlp,smolgrad,128,optimizer,320,1.3312499941093847,2.792020997731015
mlp,smolgrad,128,step,320,2.9390829877229407,9.048353997059166
mlp,numpy_manual,128,forward,320,0.35862500953953713,1.1936455048271455
mlp,numpy_manual,128,backward,320,0.3766250010812655,1.0013334976974875
mlp,numpy_manual,128,optimizer,320,1.3223749992903322,3.1457709992537275
mlp,numpy_manual,128,step,320,2.0868749998044223,6.712729002174456
mlp,torch,128,forward,320,0.3142909990856424,1.2822915014112368
mlp,torch,128,backward,320,0.3467089991318062,1.1709995014825836
mlp,torch,128,optimizer,320,0.9956670110113919,2.416021001408808
mlp,torch,128,step,320,1.664959010668099,5.646208497637417
mlp,smolgrad,512,forward,120,1.2708750000456348,6.257666995225009
mlp,smolgrad,512,backward,120,2.1694169990951195,10.027062497101724
mlp,smolgrad,512,optimizer,120,1.3536249898606911,3.002208497491665
mlp,smolgrad,512,step,120,5.0056670006597415,61.820604496460874
mlp,numpy_manual,512,forward,120,1.2596669985214248,3.9662704948568717
mlp,numpy_manual,512,backward,120,1.3899170007789508,6.933520999155007
mlp,numpy_manual,512,optimizer,120,1.502541999798268,3.60531250044005
mlp,numpy_manual,512,step,120,4.973500006599352,59.72358350845752
mlp,torch,512,forward,120,0.9412500075995922,4.7391875050379895
mlp,torch,512,backward,120,1.0506669932510704,4.33858300675638
mlp,torch,512,optimizer,120,0.9825829911278561,2.617166501295287
mlp,torch,512,step,120,2.9990420007379726,35.98900000361027
mlp,smolgrad,2048,forward,120,5.007542000385001,58.63947900797939
mlp,smolgrad,2048,backward,120,6.829749996541068,109.51750000094762
mlp,smolgrad,2048,optimizer,120,1.3640830002259463,3.5078959990642034
mlp,smolgrad,2048,step,120,21.15945798868779,195.03812449693214
mlp,numpy_manual,2048,forward,120,4.845457995543256,87.38627049751813
mlp,numpy_manual,2048,backward,120,5.9496660105651245,143.15093749610242
mlp,numpy_manual,2048,optimizer,120,1.3636660005431622,4.052166499604937
mlp,numpy_manual,2048,step,120,38.08983298949897,259.8076670037699
mlp,torch,2048,forward,120,3.751416996237822,48.5260624991497
mlp,torch,2048,backward,120,4.41562500782311,94.30566649825778
mlp,torch,2048,optimizer,120,1.2311250029597431,2.8708330064546317
mlp,torch,2048,step,120,11.57933300419245,181.59762499271892
char,smolgrad,256,forward,120,1.0025000083260238,3.059104004933033
char,smolgrad,256,backward,120,1.5814590005902573,6.396979006240144
char,smolgrad,256,optimizer,120,0.7884590013418347,1.6438750026281923
char,smolgrad,256,step,120,3.4018750011455268,55.16064600669779
char,torch,256,forward,120,1.1577080003917217,3.5223119994043373
char,torch,256,backward,120,0.9292500035371631,3.477166494121775
char,torch,256,optimizer,120,0.6596250022994354,1.8913960011559539
char,torch,256,step,120,2.768833001027815,45.10727049637353
overhead_scalar_mul,smolgrad,1,fwd+bwd per op,15,0.006197833499754779,0.07798483350052265
overhead_scalar_mul,torch,1,fwd+bwd per op,15,0.012602458504261449,0.13256129199726274
