experiment,group,run_id,overrides,seconds,sharpe,ann_return,ann_vol,max_drawdown,ic,avg_daily_turnover,ann_cost_drag,n_days,leak_free
baseline,core,20260926-225401-520-baseline-3bc61e33,"",24.61,0.4897453307658084,0.07315345690866515,0.1759276549965297,-0.29735329842047165,0.12529523553261,0.15921112213078897,0.08723787338968753,1338,true
no_costs,costs,20260926-225426-133-no_costs-7bd10aaa,costs.fee_bps=0 costs.slippage_bps=0,40.07,0.9876016148580882,0.17095116842912228,0.1754982713816954,-0.2087864668015299,0.12529523553261,0.1592082094714455,0.0,1338,true
fee_5,costs,20260926-225506-208-fee_5-ea4c98c0,costs.fee_bps=5 costs.slippage_bps=0,40.51,0.8215274214767441,0.13740905077158683,0.17561007035771092,-0.233704059518983,0.12529523553261,0.1592088042994911,0.02906335499207751,1338,true
fee_20,costs,20260926-225546-721-fee_20-56bb0aff,costs.fee_bps=20 costs.slippage_bps=5,38.51,0.159030430593287,0.012493185833806653,0.17636999996826003,-0.35576418945559785,0.12529523553261,0.1592151133498151,0.14547777535188763,1338,true
fee_40,costs,20260926-225625-227-fee_40-f60ef78d,costs.fee_bps=40 costs.slippage_bps=10,53.47,-0.6586805322945332,-0.12471933999370799,0.17801517813803078,-0.5322101434250774,0.12529523553261,0.15923250452438736,0.2913766682426884,1338,true
impact_aum_50m,costs,20260926-225718-701-impact_aum_50m-3382758a,costs.impact_coef=0.5 costs.aum=50000000,86.44,-1.0779022669506266,-0.1906162904926616,0.18087587208246245,-0.5948049176927406,0.12529523553261,0.1592345689735256,0.37014568150048216,1338,true
daily_rebalance,core,20260926-225845-146-daily_rebalance-a1ed3829,portfolio.rebalance_every=1,70.79,0.12225512309369847,0.005573515525635786,0.18261530844863877,-0.4056779769020765,0.12529523553261,0.31583306804796324,0.17300574102044708,1338,true
delay_0,timing,20260926-225955-942-delay_0-ff934d4f,backtest.delay=0,51.08,0.6918820450596975,0.11245760503023816,0.17673920182858038,-0.22578247454200817,0.13289891769024384,0.1783601597977359,0.09774408279223129,1339,true
random_control,control,20260926-230047-023-random_control-ae9f4b1d,model.kind=random,43.63,-1.3390453597112348,-0.126119560527851,0.09713706509315802,-0.41367740205870407,0.0004947243926690694,0.305787347828951,0.16773221600166546,1338,true
signal_reversal_1d,baseline_signals,20260926-230130-658-signal_reversal_1d-27a41ed1,model.kind=signal model.signal=ret1_r model.sign=-1,42.59,-0.8477171452926252,-0.12957075269747353,0.1503058536519436,-0.4462566913066244,-3.865829117182008e-6,0.29898628864471444,0.16399080834099986,1338,true
signal_momentum_30d,baseline_signals,20260926-230213-250-signal_momentum_30d-0004233a,model.kind=signal model.signal=mom30_r model.sign=1,51.46,-0.3241119070313613,-0.06947866019712234,0.17498819300085927,-0.41980840568033573,-0.04879370258969994,0.15064624713740463,0.0825389704725166,1338,true
leak_forward_return,leakage,20260926-230304-714-leak_forward_return-6798a557,checks.fail_on_leak=false,28.76,19.399511018383908,91.61480178007977,0.23629795022767525,-0.025207280227434126,0.724301589223278,0.30692225264754674,0.1683473897280126,1338,false
leak_centered_mean,leakage,20260926-230333-481-leak_centered_mean-0af558a7,checks.fail_on_leak=false,48.5,13.330327872792084,14.270712214716745,0.20683981589835487,-0.034018888534686376,0.43807345228729083,0.3358363026878511,0.1842503394591368,1338,false
kfold_h20_purged,purging,20260926-230421-982-kfold_h20_purged-ebf0b12a,cv.kind=kfold model.horizon=20 cv.embargo=10 cv.purge=true,60.56,0.8498131713468723,0.14007114986505775,0.17169911484754868,-0.32411264791034244,0.17500229468386608,0.11363160652074694,0.06224563485746644,1703,true
kfold_h20_unpurged,purging,20260926-230522-546-kfold_h20_unpurged-c1df212d,cv.kind=kfold model.horizon=20 cv.embargo=0 cv.purge=false,52.06,0.8442875300292224,0.1386932896179356,0.17130820021286083,-0.32744573951010447,0.17377255557302249,0.11395536925271543,0.06242315156289617,1703,true
wf_h20_purged,purging,20260926-230614-608-wf_h20_purged-b9b75a48,model.horizon=20 cv.embargo=10,62.82,0.8417995154849317,0.1424217394674301,0.17686369742959626,-0.26185845441422406,0.17690373047719612,0.13609569441246247,0.07455966853985628,1338,true
wf_h20_unpurged,purging,20260926-230717-427-wf_h20_unpurged-8f660c10,model.horizon=20 cv.embargo=0 cv.purge=false,75.83,0.8468909242101554,0.143556403350239,0.17700397019048436,-0.2715902005782982,0.17618410762467798,0.13555903234054498,0.0742654875572815,1338,true
