epoch,train_loss,test_loss,test_acc,smolgrad_epoch_seconds,torch_train_loss,torch_test_loss,torch_test_acc,max_abs_weight_diff
1,0.2265204862316153,0.10170435485839843,0.9677,19.174234126781812,0.2267056826089046,0.10034921020269394,0.9681,0.09773390740156174
2,0.08739567749988614,0.07518168411254883,0.9758,15.606265591966803,0.0871498734096506,0.07441608607769012,0.9765,0.16472908854484558
3,0.055177356265405854,0.07226830749511719,0.9777,13.496170341255493,0.056880334825086185,0.06458989530801773,0.9808,0.17717233300209045
4,0.04495249269182669,0.06961732330322265,0.9778,7.455230921172188,0.04341695509426026,0.07448887825012207,0.977,0.21489061415195465
5,0.03516350645792367,0.06232958297729492,0.9811,4.594972332968609,0.036623221737688096,0.06811515241861343,0.9798,0.2703414559364319
6,0.030881738798049434,0.07578756484985351,0.978,4.953647699134308,0.028569013626475546,0.07773401588201523,0.9795,0.27467113733291626
7,0.02290434926487148,0.07677351608276367,0.9782,4.905070373933995,0.02428441411822534,0.07995863258838654,0.9767,0.28402775526046753
8,0.021719816040425406,0.09328476181030274,0.9751,4.924113239147118,0.0193697310696075,0.0879787802696228,0.9788,0.28385692834854126
9,0.018851522143795166,0.08019653396606445,0.9804,4.905127117977827,0.0178972276143056,0.07813629508018494,0.9798,0.29280731081962585
10,0.018400227957924425,0.08633670349121093,0.9789,4.534791669779224,0.018686606811405694,0.09456352889537811,0.9781,0.31324559450149536
