msg_size,fetch_bytes,reps,msgs,msgs_per_s_median,mb_per_s_median,mb_per_s_min,mb_per_s_max,load1
100,4096,3,1000000,927653,92.8,90.9,94.9,9
100,16384,3,1000000,3168958,316.9,303.1,317.2,9
100,65536,3,1000000,8723422,872.3,858.0,903.7,9
100,262144,3,1000000,15888779,1588.9,1566.0,1589.3,9
100,1048576,3,1000000,21501080,2150.1,2019.9,2151.0,9
100,4194304,3,1000000,21349369,2134.9,1990.7,2172.5,9
1000,4096,3,269000,85042,85.0,62.7,87.0,9
1000,16384,3,269000,272251,272.3,243.6,275.8,9
1000,65536,3,269000,760988,761.0,755.7,777.9,9
1000,262144,3,269000,1457988,1458.0,1017.5,1531.6,9
1000,1048576,3,269000,1485369,1485.4,725.7,1785.0,9
1000,4194304,3,269000,1645775,1645.8,1397.8,2013.5,9
10000,4096,3,26936,22531,225.3,222.6,227.8,9
10000,16384,3,26936,21968,219.7,218.2,264.9,9
10000,65536,3,26936,86151,861.5,765.5,865.6,9
10000,262144,3,26936,166196,1662.0,1543.0,1738.0,9
10000,1048576,3,26936,196332,1963.3,1901.0,2112.8,9
10000,4194304,3,26936,233653,2336.5,2084.7,2431.7,9
