benchmark,config,run,seconds
fib,kite-O0,1,0.2259
fib,kite-O0,2,0.2823
fib,kite-O0,3,0.2461
fib,kite-O1,1,0.2583
fib,kite-O1,2,0.2351
fib,kite-O1,3,0.1177
fib,kite-O2,1,0.0974
fib,kite-O2,2,0.0853
fib,kite-O2,3,0.2196
fib,c-O0,1,0.1841
fib,c-O0,2,0.0893
fib,c-O0,3,0.1929
fib,c-O2,1,0.0472
fib,c-O2,2,0.0485
fib,c-O2,3,0.0470
sieve,kite-O0,1,1.0476
sieve,kite-O0,2,0.8913
sieve,kite-O0,3,0.5681
sieve,kite-O1,1,1.1761
sieve,kite-O1,2,1.1074
sieve,kite-O1,3,1.4076
sieve,kite-O2,1,0.2745
sieve,kite-O2,2,0.3226
sieve,kite-O2,3,0.4852
sieve,c-O0,1,0.4664
sieve,c-O0,2,0.6949
sieve,c-O0,3,0.9612
sieve,c-O2,1,0.3912
sieve,c-O2,2,0.4529
sieve,c-O2,3,0.4946
loops,kite-O0,1,2.3151
loops,kite-O0,2,2.6592
loops,kite-O0,3,2.3242
loops,kite-O1,1,2.1907
loops,kite-O1,2,2.4877
loops,kite-O1,3,3.1916
loops,kite-O2,1,0.3665
loops,kite-O2,2,0.3471
loops,kite-O2,3,0.3733
loops,c-O0,1,1.3487
loops,c-O0,2,1.3039
loops,c-O0,3,1.5311
loops,c-O2,1,0.2215
loops,c-O2,2,0.2735
loops,c-O2,3,0.1117
matmul,kite-O0,1,0.1198
matmul,kite-O0,2,0.1663
matmul,kite-O0,3,0.2453
matmul,kite-O1,1,0.1439
matmul,kite-O1,2,0.3669
matmul,kite-O1,3,0.2420
matmul,kite-O2,1,0.0208
matmul,kite-O2,2,0.0223
matmul,kite-O2,3,0.0228
matmul,c-O0,1,0.0293
matmul,c-O0,2,0.0298
matmul,c-O0,3,0.0312
matmul,c-O2,1,0.0107
matmul,c-O2,2,0.0107
matmul,c-O2,3,0.0133
