rho,theory,empirical_var_ratio,mean_se2_ratio,mean_cuped_est,true_effect
0.0,1.0,1.002511840561037,0.9994978170264821,0.04974927495507365,0.05
0.1,0.99,0.9810551926119164,0.9894316099158446,0.05081114284455371,0.05
0.2,0.96,0.9537931194974125,0.9592791458852121,0.04953641399268188,0.05
0.3,0.91,0.9041397192735772,0.9091706511038045,0.04945683042929005,0.05
0.4,0.84,0.8312439349017408,0.8404123231093311,0.048470695605719594,0.05
0.5,0.75,0.7120509481678681,0.7501337246435718,0.05029714370391497,0.05
0.6,0.64,0.6788292788514176,0.6405157784139783,0.04960149300359071,0.05
0.7,0.51,0.4944424644520126,0.5090106431228664,0.05142851240170882,0.05
0.8,0.3599999999999999,0.3502723072900132,0.3595988469168888,0.04955744188420353,0.05
0.9,0.18999999999999995,0.18027813772769116,0.19032338897635415,0.050451761700881746,0.05
