scenario,n_per_arm,naive_cum_reject,msprt_cum_reject
null,200,0.05,0.0
null,400,0.0835,0.0
null,600,0.1135,0.002
null,800,0.1325,0.003
null,1000,0.15,0.004
null,1200,0.1635,0.006
null,1400,0.177,0.007
null,1600,0.1875,0.009
null,1800,0.1945,0.01
null,2000,0.2015,0.011
null,2200,0.2095,0.013
null,2400,0.2145,0.013
null,2600,0.2195,0.013
null,2800,0.2255,0.0135
null,3000,0.2285,0.0135
null,3200,0.233,0.0135
null,3400,0.239,0.014
null,3600,0.247,0.014
null,3800,0.25,0.0145
null,4000,0.2535,0.0145
null,4200,0.2585,0.0145
null,4400,0.2635,0.015
null,4600,0.265,0.0155
null,4800,0.2685,0.016
null,5000,0.2715,0.017
null,5200,0.275,0.0175
null,5400,0.28,0.0175
null,5600,0.2835,0.018
null,5800,0.2885,0.018
null,6000,0.291,0.018
null,6200,0.295,0.018
null,6400,0.2955,0.018
null,6600,0.2975,0.018
null,6800,0.3,0.018
null,7000,0.302,0.018
null,7200,0.3055,0.0185
null,7400,0.309,0.0185
null,7600,0.312,0.0185
null,7800,0.314,0.0185
null,8000,0.3145,0.019
null,8200,0.317,0.019
null,8400,0.317,0.019
null,8600,0.318,0.019
null,8800,0.3185,0.019
null,9000,0.32,0.0195
null,9200,0.3205,0.0195
null,9400,0.3215,0.0195
null,9600,0.324,0.0195
null,9800,0.3265,0.0195
null,10000,0.328,0.0195
effect,200,0.08,0.002
effect,400,0.1495,0.009
effect,600,0.2135,0.017
effect,800,0.268,0.0285
effect,1000,0.3165,0.0355
effect,1200,0.36,0.045
effect,1400,0.408,0.06
effect,1600,0.442,0.0805
effect,1800,0.4835,0.098
effect,2000,0.517,0.115
effect,2200,0.5505,0.1295
effect,2400,0.574,0.1435
effect,2600,0.601,0.165
effect,2800,0.623,0.1895
effect,3000,0.6455,0.2095
effect,3200,0.666,0.2215
effect,3400,0.6905,0.237
effect,3600,0.715,0.2555
effect,3800,0.734,0.275
effect,4000,0.7515,0.289
effect,4200,0.7705,0.3035
effect,4400,0.7845,0.3255
effect,4600,0.7995,0.3445
effect,4800,0.8075,0.3575
effect,5000,0.8165,0.371
effect,5200,0.8325,0.388
effect,5400,0.8455,0.401
effect,5600,0.8595,0.423
effect,5800,0.87,0.437
effect,6000,0.882,0.4525
effect,6200,0.8885,0.47
effect,6400,0.8975,0.4845
effect,6600,0.9095,0.5015
effect,6800,0.9155,0.5215
effect,7000,0.92,0.535
effect,7200,0.9245,0.5525
effect,7400,0.9265,0.561
effect,7600,0.9325,0.577
effect,7800,0.9365,0.589
effect,8000,0.94,0.6035
effect,8200,0.9445,0.618
effect,8400,0.9475,0.628
effect,8600,0.9495,0.641
effect,8800,0.952,0.653
effect,9000,0.9585,0.663
effect,9200,0.962,0.6725
effect,9400,0.968,0.687
effect,9600,0.9705,0.6995
effect,9800,0.972,0.713
effect,10000,0.9735,0.7275
