hour,symbol,T_days,k,z,otm,iv_mid,mark_iv,diff_vp,price_part_vp,forward_part_vp,residual_vp,half_spread_vp,time_value_coin,vega_usd,bid_price,ask_price,mark_price
7,ETH-1SEP26-2200-C,0.041666666666666664,-0.11600772334788798,-1.9974640573554014,false,5.435756372025976,73.84,469.73563720259756,121.24327349193615,-2.383201517421618,350.8755652280831,,0.00046834587409584627,1.3511410005885032,0.1075,0.1125,0.1096
6,ETH-1SEP26-2900-P,0.08333333333333333,0.15492109146063313,2.0117525659644095,false,5.096511862037583,86.56,423.09118620375835,153.20250969953503,-11.811862351533131,281.7005388557564,,0.0006841734439166913,2.13688564406917,0.1645,0.172,0.1676
7,ETH-1SEP26-2250-C,0.041666666666666664,-0.09353486749582941,-1.9412225419841838,false,4.509727107090738,70.39,380.5827107090738,173.22677419371587,-10.746865100880765,218.1028016162387,,0.00045626282577981847,1.5266504986420275,0.087,0.0925,0.0893
7,BTC-1SEP26-72000-C,0.041666666666666664,-0.08893891623982299,-1.9665618915971426,false,4.232883026013197,64.12,359.16830260131974,185.05192398704074,0.0,174.11637861427897,,0.00040145748884964916,46.38788031428574,0.083,0.088,0.0851
7,ETH-1SEP26-2280-C,0.041666666666666664,-0.08028964074580876,-1.8067621531796254,false,4.159207457138499,67.89,348.0307457138499,123.05822662563446,0.0,224.97251908821542,,0.0005990129967902297,1.9772753902212372,0.075,0.0805,0.0772
7,ETH-1SEP26-2240-C,0.041666666666666664,-0.09798921784520974,-2.2802738703790295,false,4.022011735902187,70.52,331.6811735902187,45.18282887920457,0.0,286.49834471101417,,0.00015867943544298213,0.7447224625233259,0.091,0.096,0.0934
7,BTC-1SEP26-73000-C,0.041666666666666664,-0.0751455941074872,-1.780956935278638,false,3.9491366110894046,64.12,330.79366110894046,162.28097485801513,0.0,168.51268625092533,,0.0006084221761947645,66.13823677784356,0.0705,0.0755,0.0724
7,ETH-1SEP26-2260-C,0.041666666666666664,-0.08910027042796362,-2.110269236327396,false,3.9517840811579132,70.03,325.1484081157913,70.38005223045478,0.0,254.76835588533655,,0.00025384621611665437,1.0864496061761646,0.0825,0.0885,0.0853
5,ETH-1SEP26-2900-P,0.12499999999999999,0.16083677513336153,2.322897519208578,false,3.741508465823929,86.56,287.5908465823929,110.6882770533463,0.0,176.90256952904656,,0.0002567533361684249,1.3296475908486358,0.1705,0.179,0.1745
6,BTC-1SEP26-69000-C,0.08333333333333333,-0.1371747294892617,-2.6168429478245017,false,3.469233319583864,64.51,282.4133319583864,41.88792781261341,0.0,240.52540414577294,,0.00006788052986819726,14.509906535430183,0.126,0.1305,0.1282
6,BTC-1SEP26-88000-P,0.08333333333333333,0.10605558039168532,2.0808763202432643,false,3.373061908057806,58.97,278.3361908057806,100.5461572137921,0.0,177.7900335919885,,0.0003663262807478834,57.706853038530895,0.109,0.1155,0.1119
8,BTC-25SEP26-84000-P,23.999999999999996,0.06388057889888422,0.07933963267182029,false,3.1399264055811664,35.89,278.10264055811666,278.0647945627449,-0.000251161070480288,0.03809715644221834,,0.2910349075649639,7650.988202810164,0.044,0.67,0.0797
7,BTC-1SEP26-74000-C,0.041666666666666664,-0.061539942051708596,-1.7418145509414573,false,3.3067946153248564,64.11,266.5694615324856,126.0076112846161,0.0,140.56185024786953,,0.0005653868635398795,71.34742251250162,0.0575,0.063,0.0597
7,ETH-1SEP26-2300-C,0.041666666666666664,-0.07155596077705419,-2.127963423906535,false,3.1472678946423693,66.18,248.54678946423695,53.521258051600014,0.0,195.02553141263692,,0.00019417977746380433,1.0557725224275418,0.0665,0.072,0.0691
6,ETH-1SEP26-2750-P,0.08333333333333333,0.1018112661466848,2.104130582899603,false,3.202286650982521,81.61,238.6186650982521,82.59509732784008,-9.924768861800848,165.9483366322129,,0.00032550930026571667,1.7213943181364066,0.104,0.111,0.1072
8,ETH-4SEP26-2400-C,2.9999999999999996,-0.02992281365125462,-0.12189180579331844,false,2.7077821548690597,43.91,226.868215486906,226.89883398125144,-0.011225612450693756,-0.019392881894791936,,0.08222044158680085,86.80312194455448,0.0009,0.2225,0.0346
5,BTC-1SEP26-70000-C,0.12499999999999999,-0.11708679333594024,-2.1846113533352867,false,2.896177341679243,64.51,225.10773416792426,88.39654429539591,-4.667029049152838,141.3782189216812,,0.0002579864474563237,50.37844906290496,0.108,0.1135,0.1105
6,BTC-1SEP26-72000-C,0.08333333333333333,-0.09461511507046584,-2.167545115384412,false,2.8888795292925886,64.12,224.76795292925885,66.61885710698732,0.0,158.14909582227153,,0.0002230057702971855,43.42452322544403,0.088,0.093,0.0903
7,ETH-1SEP26-2340-C,0.041666666666666664,-0.05431415434254808,-1.8280336435061646,false,2.78087130549568,62.92,215.16713054956801,79.38023306784909,-2.33247554016065,138.11937302187957,,0.00038451333881105165,1.927425762193992,0.0505,0.056,0.0529
6,ETH-1SEP26-2700-P,0.08333333333333333,0.08346212747848815,1.9333600235526738,false,2.8570232309719787,81.2,204.5023230971979,70.154117612097,0.0,134.34820548510086,,0.00045595458571554004,2.407916889768658,0.084,0.091,0.0871
