experiment,method,every,n,mean_bp,std_bp,std_lo,std_hi,mean_theta_bp,std_theta_bp,mean_gamma_bp,std_gamma_bp,mean_vega_bp,std_vega_bp,mean_hedge_err_bp,std_hedge_err_bp,mean_residual_bp,std_residual_bp,mean_tail_bp,std_tail_bp
A_to_expiry,own_iv,1,13,4.062804686615132,2.530493555070678,1.257613709595274,3.181162307707022,12.194012709096398,7.0233780472054015,-9.683227708138464,7.342464075182157,0.41849200538346815,1.8849673557342908,0.0,0.0,-0.3323362741885394,1.3530101007089368,1.4658639544622678,0.5728731992028971
A_to_expiry,own_iv,5,13,3.7113185794180206,2.913514777703341,1.2311285836527095,3.93008866970812,12.194012709096398,7.0233780472054015,-9.683227708138464,7.342464075182157,0.41849200538346815,1.8849673557342908,-0.26163891376980714,1.1962138775649225,-0.3323362741885392,1.3530101007089363,1.3760167610349632,0.7669989957611594
A_to_expiry,own_iv,30,13,6.451175937634859,3.9524542945273007,2.1537740557168408,5.022339324861274,12.194012709096398,7.0233780472054015,-9.683227708138464,7.342464075182157,0.41849200538346815,1.8849673557342908,2.2979039698811503,2.6079039478492567,-0.3323362741885389,1.3530101007089366,1.556331235600845,0.4856204221446726
A_to_expiry,sticky_moneyness,1,13,3.868381244096975,3.1685123514114855,1.9050159892245293,4.02742826373931,12.194012709096398,7.0233780472054015,-9.683227708138464,7.342464075182157,0.41849200538346815,1.8849673557342908,0.013368132334771897,1.1563774734739596,-0.3323362741885389,1.3530101007089363,1.2580723796093383,1.8767315128595274
A_to_expiry,sticky_moneyness,5,13,3.6590180943582387,3.0316675437452587,1.7241483613699786,3.9682370679363776,12.194012709096398,7.0233780472054015,-9.683227708138464,7.342464075182157,0.41849200538346815,1.8849673557342908,-0.1335748074126083,1.7638739716951632,-0.3323362741885397,1.3530101007089361,1.1956521696179836,1.925628896034245
A_to_expiry,sticky_moneyness,30,13,6.348569761808681,4.301848355189351,2.08773231232414,5.305936638155165,12.194012709096398,7.0233780472054015,-9.683227708138464,7.342464075182157,0.41849200538346815,1.8849673557342908,2.2904948070392357,2.6309375920574825,-0.3323362741885391,1.3530101007089366,1.4611342226165802,1.887551097196366
A_to_expiry,sticky_strike,1,13,3.8826849660637586,3.9478018124805074,2.036450641823808,4.8178767815743475,12.194012709096398,7.0233780472054015,-9.683227708138464,7.342464075182157,0.41849200538346815,1.8849673557342908,-0.07499258364969838,2.0939794650232417,-0.3323362741885395,1.3530101007089372,1.3607368175605916,2.118630316806604
A_to_expiry,sticky_strike,5,13,3.6695048782472224,3.8928843999888745,2.091903020545323,4.919435356495061,12.194012709096398,7.0233780472054015,-9.683227708138464,7.342464075182157,0.41849200538346815,1.8849673557342908,-0.22720311185760866,2.1483669987912593,-0.33233627418853984,1.353010100708936,1.2997672579519668,2.1583351259856136
A_to_expiry,sticky_strike,30,13,6.46546994537433,5.0953625024093325,2.364649520013178,6.295255993354868,12.194012709096398,7.0233780472054015,-9.683227708138464,7.342464075182157,0.41849200538346815,1.8849673557342908,2.3100753899176105,3.508432208784796,-0.33233627418853906,1.3530101007089372,1.558453823303854,2.1278482570296062
A_to_expiry,unhedged,0,13,12.923076923076923,10.154732381682432,5.214443142209832,12.344870723059715,12.194012709096398,7.0233780472054015,-9.683227708138464,7.342464075182157,0.41849200538346815,1.8849673557342908,8.59125212253614,8.295558891087449,-0.33233627418853856,1.3530101007089372,1.734884068387919,0.3320141036422113
B_rolling_4h,own_iv,1,101,-0.6654506283316263,3.9360781341845708,2.324080727023336,5.581521917616875,5.191044832445462,1.3728959587332141,-8.130427608651642,3.6290993549501165,1.2252564854728012,4.586652358934908,0.0,0.0,1.0486756624017495,0.9985708926289526,0.0,0.0
B_rolling_4h,own_iv,5,101,1.3897568464522854,4.060034016937221,2.399496266291022,5.673388674614529,5.191044832445462,1.3728959587332141,-8.130427608651642,3.6290993549501165,1.2252564854728012,4.586652358934908,2.0552074747839115,1.4382995121508182,1.0486756624017495,0.9985708926289529,0.0,0.0
B_rolling_4h,own_iv,30,101,3.331719163858439,4.771237516018058,2.9244732769882114,6.379726189840167,5.191044832445462,1.3728959587332141,-8.130427608651642,3.6290993549501165,1.2252564854728012,4.586652358934908,3.997169792190064,4.0133298686544085,1.0486756624017497,0.9985708926289527,0.0,0.0
B_rolling_4h,sticky_moneyness,1,101,-0.8298329030725331,4.3546884602408555,2.86756431485923,5.972593416511898,5.191044832445462,1.3728959587332141,-8.130427608651642,3.6290993549501165,1.2252564854728012,4.586652358934908,-0.16438227474090616,1.781167619556141,1.0486756624017493,0.998570892628953,0.0,0.0
B_rolling_4h,sticky_moneyness,5,101,1.3598999627605406,4.241035660329759,2.779452218466206,5.759777170354587,5.191044832445462,1.3728959587332141,-8.130427608651642,3.6290993549501165,1.2252564854728012,4.586652358934908,2.0253505910921676,1.8386890396881017,1.0486756624017497,0.9985708926289525,0.0,0.0
B_rolling_4h,sticky_moneyness,30,101,3.3238346389411917,4.657321803042555,2.9994996763139574,6.098985931104492,5.191044832445462,1.3728959587332141,-8.130427608651642,3.6290993549501165,1.2252564854728012,4.586652358934908,3.9892852672728223,3.972091839181797,1.0486756624017488,0.9985708926289529,0.0,0.0
B_rolling_4h,sticky_strike,1,101,-0.7291694106248506,3.9299102719040495,2.30566953529722,5.578184858450629,5.191044832445462,1.3728959587332141,-8.130427608651642,3.6290993549501165,1.2252564854728012,4.586652358934908,-0.06371878229322439,0.17922031269589597,1.04867566240175,0.9985708926289527,0.0,0.0
B_rolling_4h,sticky_strike,5,101,1.3680677272997803,4.01596682501739,2.359349900202064,5.623122028334996,5.191044832445462,1.3728959587332141,-8.130427608651642,3.6290993549501165,1.2252564854728012,4.586652358934908,2.0335183556314065,1.4500696425929858,1.048675662401749,0.998570892628953,0.0,0.0
B_rolling_4h,sticky_strike,30,101,3.302414332652894,4.742600264321513,2.9306784987208623,6.285690221263142,5.191044832445462,1.3728959587332141,-8.130427608651642,3.6290993549501165,1.2252564854728012,4.586652358934908,3.967864960984521,4.059798101853841,1.0486756624017495,0.9985708926289525,0.0,0.0
B_rolling_4h,unhedged,0,101,3.9202728021428435,14.907015202936071,9.685969013990267,19.693048762994252,5.191044832445462,1.3728959587332141,-8.130427608651642,3.6290993549501165,1.2252564854728012,4.586652358934908,4.585723430474468,15.2457681991827,1.0486756624017497,0.998570892628953,0.0,0.0
