experiment,config,n,ops_per_sec,ops_per_server_cpu_s,p50_us,p99_us,p999_us,replay_wall_ms,replay_cpu_ms,load1
pipeline,c=50 P=1 SET,3,107160,112360,438.0,935.5,1951.0,,,7.7
pipeline,c=50 P=2 SET,3,193852,204082,489.8,835.5,2038.2,,,7.7
pipeline,c=50 P=4 SET,3,366294,380952,512.4,962.1,2057.8,,,7.7
pipeline,c=50 P=8 SET,3,653925,677966,558.7,1026.3,2110.6,,,8.3
pipeline,c=50 P=16 SET,3,999599,1030928,724.1,1735.0,3050.1,,,8.3
pipeline,c=50 P=32 SET,3,1856726,1886792,804.5,1480.6,2344.8,,,8.3
pipeline,c=50 P=64 SET,3,2276344,2325581,1322.4,2464.4,2921.1,,,8.3
pipeline,c=50 P=128 SET,3,2942811,2941176,2054.3,4388.4,5558.6,,,8.3
clients,c=1 P=1 SET,3,40193,111111,21.7,55.2,113.3,,,9.6
clients,c=2 P=1 SET,3,67833,135135,27.4,55.2,109.0,,,9.6
clients,c=4 P=1 SET,3,99526,147059,37.6,65.8,120.8,,,9.6
clients,c=8 P=1 SET,3,115697,128205,65.4,125.8,670.3,,,9.6
clients,c=16 P=1 SET,3,120252,125000,126.8,232.9,1194.9,,,9.6
clients,c=32 P=1 SET,3,112713,120755,258.2,565.6,1678.8,,,9.6
clients,c=64 P=1 SET,3,114065,121905,525.3,1035.0,2023.1,,,9.6
clients,c=128 P=1 SET,3,104740,108475,1166.2,2010.3,3165.6,,,9.7
clients,c=256 P=1 SET,3,112758,116895,2183.4,3614.4,7259.8,,,9.7
workload,c=50 P=16 SET,3,1072646,1098901,681.3,1421.0,2401.4,,,9.5
workload,c=50 P=16 GET,3,1198850,1219512,609.1,1170.7,1922.7,,,9.5
workload,c=50 P=16 MIX,3,1046355,1075269,714.6,1617.8,2528.8,,,9.5
aof,c=50 P=1 SET aof=off,3,118052,122699,404.1,759.8,1816.0,,,8.8
aof,c=50 P=16 SET aof=off,3,1217265,1250000,603.3,1375.6,2193.5,,,8.8
aof,c=50 P=1 SET aof=no,3,114316,118343,413.0,807.0,2141.5,,,8.8
aof,c=50 P=16 SET aof=no,3,987323,1020408,746.2,1756.1,4273.7,,,8.7
aof,c=50 P=1 SET aof=everysec,3,112334,117647,412.1,1021.2,4080.8,,,8.7
aof,c=50 P=16 SET aof=everysec,3,1077584,1098901,688.2,1364.4,2358.0,,,8.7
aof,c=50 P=1 SET aof=always,3,113387,127389,409.0,854.3,2075.7,,,8.5
aof,c=50 P=16 SET aof=always,3,1042970,1149425,707.1,1936.1,2768.6,,,8.6
fsync1,c=1 P=1 SET aof=off,3,40120,111111,22.2,64.5,126.3,,,10.5
fsync1,c=1 P=1 SET aof=no,3,23573,58824,32.5,128.0,1205.1,,,10.5
fsync1,c=1 P=1 SET aof=everysec,3,28251,64516,30.7,99.9,393.8,,,12.3
fsync1,c=1 P=1 SET aof=always,3,14165,30395,59.0,197.5,1366.5,,,12.3
replay,"100000 commands, 5.9 MB",3,,,,,,24,24,8.1
replay,"400000 commands, 23.6 MB",3,,,,,,121,120,7.7
replay,"1600000 commands, 94.4 MB",3,,,,,,854,850,7.7
