,Total_Return,Annualized_Return,Daily_Volatility,Annualized_Volatility,Sharpe_Ratio,Max_Drawdown,Win_Rate,VaR_95,VaR_99,CVaR_95,Worst_Day,Worst_Week,Worst_Month,Avg_Recovery_Days,Max_Recovery_Days
buy_and_hold,52.96629920757918,0.11211305756368706,1.4436223009663514,22.916793572782833,0.5793983045433122,-33.924959024260595,54.12115193644489,-0.021434608400275768,-0.040297610330392655,-0.03546814318989994,-0.11984050283657066,-0.14979601773502216,-0.12511932083595656,14.204819277108435,360.0
prediction_strategy,42.77440053579351,0.0931067757707078,0.6986993687674379,11.091508625738705,0.8584318419645429,-13.890328875416614,54.761904761904766,-0.01167955656471339,-0.020174348005626706,-0.017721332112287963,-0.05599670606656419,-0.053607358737611355,-0.05274357630019244,14.317073170731707,360.0
dynamic_allocation,51.651278857288304,0.10971516053815544,0.7754774744008565,12.310323267582742,0.907608515318955,-13.812836264272443,58.03571428571429,-0.01322176573165402,-0.02239309637076875,-0.019545820094884717,-0.058944121574601716,-0.070894247211295,-0.06415318276165727,13.033333333333333,360.0
combined_strategy,41.911477729100824,0.091451345538764,0.5737893692810233,9.10862385630115,1.0066146812283678,-11.703952997006951,54.563492063492056,-0.008599921327836916,-0.016395912893159944,-0.014087979211632287,-0.052816321111772244,-0.04549460131338856,-0.03416533977743463,17.385714285714286,406.0
tactical_risk_managed,21.26078662425408,0.049373506300612435,0.3907367882545045,6.202754218833135,0.8080832016539905,-8.303825544107301,55.45634920634921,-0.006708027850516068,-0.012492690368995448,-0.010212548139835992,-0.017814245523502806,-0.04904234576480215,-0.03623869284935832,16.283783783783782,360.0
regime_adaptive,26.629535512367774,0.06080059208579702,1.0762157541923434,17.08439545585656,0.4313667439127385,-27.009528213262847,54.563492063492056,-0.01672424258747784,-0.032218276655794846,-0.027627612286624224,-0.09586936395983718,-0.11999255060038783,-0.11198037155684248,14.85,360.0
volatility_targeting,24.814891241530248,0.056979588502391376,0.41717886441553664,6.6225091648550585,0.869972510776144,-7.585627778257164,54.46428571428571,-0.006861358647693745,-0.01390506962336423,-0.010564029066168351,-0.02475667621502542,-0.04511975237308685,-0.03530283165686521,16.767123287671232,360.0
market_beating,49.90701263265343,0.10651036741767661,0.9338871200720723,14.82499843390212,0.7571195337554819,-22.2706609205913,54.36507936507936,-0.015779482487246393,-0.02797654250164994,-0.023630381142294002,-0.05846295179855605,-0.0797787103483727,-0.0807517960485955,14.5,360.0
combined_anomaly_regime,56.68304982470151,0.11880784800311561,0.6749538795267525,10.714560669996223,1.1017638353671193,-10.68369819089905,59.02777777777778,-0.009543488619336418,-0.021500478300613614,-0.016866001479490807,-0.058944121574601716,-0.05639480693370724,-0.03922795409549451,12.692307692307692,360.0
