noise_k,mm_inventory_learning,informed_frac,mean_abs_inventory,p95_abs_inventory,frac_time_at_limit,mm_pnl_per_fill,mean_abs_mid_minus_V
0.0,0.0,0.0,29.420028998550073,49.0,0.029148542572871357,2.461947026347054,33.318261318859804
0.0,0.0,0.2,23.57362131893405,48.0,0.01639918004099795,1.8364150793018252,4.754432360822029
0.0,0.0,0.4,18.45312734363282,38.0,0.0,1.4226025940888793,2.6098614902157005
0.0,0.02,0.0,4.166491675416229,11.0,0.0,1.4511288546255507,121.83045792176902
0.0,0.02,0.2,2.5634718264086795,7.0,0.0,1.5478467009087318,5.3063446296554995
0.0,0.02,0.4,1.9109044547772611,5.0,0.0,1.3487732656514382,2.6413009449209826
0.1,0.0,0.0,7.923153842307885,20.0,0.0,2.4982632188344267,26.712573010151214
0.1,0.0,0.2,25.505324733763313,44.0,0.003249837508124594,1.7354278627532038,6.44222217611984
0.1,0.0,0.4,27.275386230688465,48.0,0.018849057547122645,1.290904048807543,2.7678964550621763
0.1,0.02,0.0,1.1576421178941052,3.0,0.0,2.213606541789484,24.891382982980332
0.1,0.02,0.2,1.4406779661016949,4.0,0.0,1.811535252398832,5.962067206489754
0.1,0.02,0.4,1.623368831558422,5.0,0.0,1.3940108138084015,2.602127310210421
