sweep,size,n,r,w,trials,ops,errors,throughput_ops_s,get_p50_ms,get_p99_ms,put_p50_ms,put_p99_ms,all_p50_ms,all_p99_ms,all_mean_ms,node_cpu_us_per_op,node_cpu_net_us_per_op,idle_cpu_frac,loadavg_1m,throughput_stdev
nodes,3,3,2,2,3,2497,0,499.4,50.15416699461639,713.7650829972699,189.6029999916209,1002.9310410027392,108.5008329973789,980.0901670096209,220.91648410677166,524.741289547457,432.0760913095712,0.03582900000000011,354.3505859375,948.657746502921
nodes,5,3,2,2,3,3244,0,648.8,56.87512499571312,541.7303340072976,115.44641600630712,777.7783750061644,92.88104200095404,751.7331669951091,182.93125878871163,666.120530209618,489.52681874229336,0.07619199999999982,360.533203125,1145.457061613398
nodes,7,3,2,2,3,3544,0,708.8,96.72587500244845,535.5948329961393,156.2097919959342,711.2764580087969,116.47979100234807,639.9639590090374,165.82481874190202,781.0911399548532,633.8366252821671,0.10275600000000029,342.96728515625,1289.949084266507
nodes,9,3,2,2,3,3587,0,717.4,91.26908300095238,591.5360000071814,162.79537499940488,685.1315829990199,118.039332999615,661.0070419992553,166.50310449643717,880.0699749093951,696.8263172567606,0.131459,316.01416015625,1102.1033768813766
quorum,5,3,1,1,3,4101,0,820.2,59.24025000422262,623.3943750121398,77.66966699273326,848.5587920004036,67.98562500625849,739.0181250084424,145.47642322488062,617.0156059497683,443.07164480322973,0.05708599999999997,308.484375,822.9338004967349
quorum,5,3,1,2,3,2976,0,595.2,134.59091700497083,593.2393749972107,151.23412500543054,795.8228750067065,142.36429199809209,707.2011670097709,193.72228734052823,750.040168145726,582.2610929472199,0.070797,315.12060546875,1102.959769589686
quorum,5,3,1,3,3,2848,0,569.6,169.22195799998008,598.3169999963138,191.64483399072196,692.2228750045178,180.6763329950627,681.0465829912573,211.91130103143428,798.2180477528091,685.5354634831461,0.06418400000000002,336.64599609375,937.5533478154724
quorum,5,3,2,1,3,4780,0,956.0,78.5973330057459,526.5583330037771,92.66737500729505,618.2595000136644,84.84170799783897,590.0076249963604,129.90672409957435,634.2138075313808,533.5222052067389,0.07202499999999956,318.67578125,899.5842669440887
quorum,5,3,2,2,3,7082,0,1416.4,26.093334003235213,347.14241699839476,45.895540999481454,530.929542001104,35.09079199284315,489.0927499945974,87.31964735519489,530.2672973736233,486.8770121434623,0.07380299999999984,340.8818359375,1970.2095556902907
quorum,5,3,2,3,3,13442,0,2688.4,28.815958998166025,226.7441250005504,36.652165988925844,248.3120830002008,32.51666699361522,240.69737498939503,45.855160011110435,559.6896823125359,537.1288637664568,0.06306199999999995,344.025390625,1357.9389677006843
quorum,5,3,3,1,3,3433,0,686.6,72.76762499532197,560.2419589995407,83.38629099307582,640.5352919973666,77.07545800076332,610.2089589985553,172.05534670321967,745.891057384212,649.3617826973493,0.06627699999999992,339.99462890625,1209.6288356351297
quorum,5,3,3,2,3,9113,0,1822.6,42.166166997049004,289.1628329962259,59.50166599359363,308.8632500002859,50.12870799691882,300.3462920023594,68.84005380628004,532.9910018654668,501.83880171184023,0.06769300000000023,342.96484375,1041.2092457010424
quorum,5,3,3,3,3,3190,0,638.0,80.53179101261776,694.2895829997724,156.8115830013994,1105.4090419929707,110.52795800787862,908.9492500061169,190.4850468731025,709.7489028213166,590.0916064981951,0.06636400000000009,345.1171875,607.4949217894747
