metric,method,n_tests,false_positives,fpr,fpr_lo,fpr_hi,ks_uniform_p
revenue_per_user,welch,1000,55,0.055,0.04249742728830398,0.07090838781736374,0.6614447803254453
revenue_per_user,cuped,1000,54,0.054,0.04162131363758084,0.06979215498517825,0.5883854006700857
conversion,welch,1000,42,0.042,0.031220885473312265,0.056284425354543505,0.7180513123637686
conversion,cuped,1000,43,0.043,0.03207865333774185,0.05741900397302252,0.5527232132612212
sessions_per_user,welch,1000,40,0.04,0.029510973614877485,0.05400964424716106,0.5815714441300504
sessions_per_user,cuped,1000,40,0.04,0.029510973614877485,0.05400964424716106,0.21440922862989398
ctr_per_session,delta,1000,51,0.051,0.039000942692792036,0.06643548648124122,0.8011784039976952
revenue_per_session,delta,1000,58,0.058,0.045133278145642095,0.07424957640875146,0.6475780645043064
srm_p_assigned,chi2,1000,47,0.047,0.035527105028067545,0.06193993821433128,0.10409636099909048
srm_p_exposed,chi2,1000,48,0.048,0.036393300941434725,0.06306608878387271,0.8592845958712126
