opponents,num_envs,step_calls,seconds,env_steps_per_sec,calls_per_sec,episodes
random,1,2486240,3.0000141250056913,828742.7646679108,828742.7646679108,12431
random,8,1077568,3.0000379999983124,2873478.2692768723,359184.78365960903,43096
random,64,177536,3.0002675830037333,3787096.8790805554,59173.38873563368,56768
random,256,46816,3.0005377910129027,3994249.3095393456,15602.536365388069,59904
scripted,1,2434816,3.0000126660015667,811601.9067496592,811601.9067496592,12174
scripted,8,941056,3.0000257909996435,2509461.0928299497,313682.6366037437,37640
scripted,64,150144,3.000319540995406,3202730.8653970845,50042.669771829445,48000
scripted,256,36960,3.000888082999154,3152986.628726156,12316.354018461547,47104
bayes,1,63216,3.0067461659928085,21024.721246838766,21024.721246838766,316
bayes,8,7072,3.0023979999969015,18843.604345612537,2355.450543201567,280
bayes,64,832,3.1027161670062924,17161.737372637996,268.1521464474687,256
bayes,256,208,3.576312124991091,14889.080745471188,58.16047166199683,256
