layer,head,induction_score
5,5,0.9254684448242188
6,9,0.9151847958564758
7,10,0.9048707485198975
5,1,0.9021862745285034
7,2,0.8195087313652039
10,1,0.5294435024261475
9,6,0.5094407200813293
9,9,0.4998024106025696
10,7,0.45926856994628906
5,0,0.436450719833374
11,10,0.4122820198535919
10,0,0.41184183955192566
8,1,0.36920613050460815
11,9,0.354249507188797
10,6,0.3346087336540222
10,11,0.2937357723712921
9,0,0.2771013677120209
7,1,0.21478168666362762
10,10,0.1889542043209076
9,1,0.16015735268592834
8,6,0.14558923244476318
10,3,0.14164148271083832
7,7,0.11469436436891556
9,2,0.09892141073942184
11,5,0.09464295208454132
9,4,0.0929085835814476
11,7,0.062456268817186356
11,1,0.05362783372402191
10,4,0.05094664916396141
8,10,0.04849584400653839
7,11,0.047991324216127396
9,8,0.04688071087002754
11,6,0.043933991342782974
9,11,0.03742973506450653
7,6,0.034995295107364655
10,8,0.03406192734837532
6,10,0.029979951679706573
10,2,0.029362931847572327
11,4,0.02895832061767578
8,3,0.02793060801923275
11,2,0.027329394593834877
5,9,0.017415663227438927
6,6,0.017384987324476242
6,4,0.017062697559595108
2,1,0.014441031962633133
11,0,0.014038542285561562
8,9,0.013915684074163437
0,11,0.013605997897684574
1,6,0.012444224208593369
1,9,0.012364273890852928
1,7,0.012350788339972496
11,11,0.012003323063254356
8,8,0.011901115998625755
3,4,0.011458340100944042
5,10,0.011308962479233742
9,5,0.01095567923039198
0,2,0.010575921274721622
4,8,0.009915276430547237
9,7,0.009900493547320366
0,0,0.00976959615945816
1,5,0.00909628439694643
0,8,0.009091338142752647
1,8,0.009006190113723278
0,6,0.009004474617540836
0,9,0.00860847719013691
11,8,0.008496834896504879
8,11,0.007708036806434393
0,10,0.006787316873669624
1,10,0.00674175750464201
6,2,0.006486029829829931
5,8,0.005603695288300514
8,2,0.004862551111727953
2,7,0.004687867593020201
8,0,0.003854680573567748
4,10,0.003506098408252001
1,4,0.002654082141816616
4,4,0.002652289578691125
7,5,0.002564067021012306
11,3,0.0023036152124404907
1,2,0.0021911554504185915
3,0,0.00206864345818758
5,11,0.0020081070251762867
3,5,0.0013886411907151341
4,2,0.0013619753299281001
1,3,0.0009211378055624664
2,6,0.0006329135503619909
2,10,0.0005504430737346411
7,3,0.00048713103751651943
6,3,0.0004751100786961615
0,7,0.0004645576700568199
1,11,0.0004126048879697919
6,7,0.000268621020950377
1,0,0.0001608300517546013
1,1,0.0001407418167218566
4,7,0.00012858556874562055
2,11,0.00012845633318647742
6,5,8.98866928764619e-05
0,1,8.959565457189456e-05
2,0,6.810233753640205e-05
8,5,6.704049883410335e-05
0,4,5.296770541463047e-05
5,3,4.580792665365152e-05
7,9,4.498985435930081e-05
6,1,3.871706940117292e-05
3,10,2.8465108698583208e-05
10,5,2.021163163590245e-05
0,5,1.3313654562807642e-05
7,4,1.0936245416814927e-05
8,4,6.0207285059732385e-06
4,6,5.7463762459519785e-06
9,10,5.715615770895965e-06
9,3,4.458106559468433e-06
6,0,4.149121650698362e-06
6,11,3.7983184029144468e-06
10,9,3.4730680908978684e-06
7,8,3.409369355722447e-06
4,9,3.04007198792533e-06
8,7,1.849900399975013e-06
2,3,1.7923625819094013e-06
2,8,1.4180363905325066e-06
5,7,1.3915199588154792e-06
5,6,1.2666262136917794e-06
5,2,1.1789169320763904e-06
2,9,3.8587899098274647e-07
2,5,3.271979664987157e-07
7,0,3.226961666769057e-07
3,1,3.0495124292428955e-07
2,4,2.9379756938396895e-07
6,8,2.3093545564734086e-07
5,4,2.0754950469381583e-07
4,3,1.8721206629379594e-07
3,9,1.445658170950992e-07
0,3,7.74188464447434e-08
4,5,3.324872466237139e-08
4,1,2.6161567134863617e-08
3,11,2.5144425208623034e-08
3,6,2.968842061079613e-09
4,0,1.1050405035462063e-09
2,2,5.1663687217207155e-11
3,8,3.961958192078008e-11
3,2,6.243109328119001e-12
3,7,8.14707459481645e-13
3,3,2.06327712077084e-13
4,11,4.251601318901541e-31
