sender_layer,sender_head,lost_via_k,lost_via_q,lost_via_v
0,0,3.451918382779695e-05,1.7929490923052072e-06,-2.3619033527211286e-05
0,1,5.132869409862906e-05,-0.0004131900204811245,0.0012307416182011366
0,2,-2.2964484742260538e-05,2.201151983172167e-05,-2.6613013687892817e-05
0,3,0.00023422423691954464,4.371357135823928e-05,0.00037631913437508047
0,4,-6.008344280417077e-05,0.00012545485515147448,0.0004551745078060776
0,5,1.984524487852468e-06,0.0002724435180425644,0.00020031417079735547
0,6,0.00013140105875208974,2.831140227499418e-05,6.843907613074407e-06
0,7,0.0007136649801395833,-0.0002721266937442124,7.0063782914076e-05
0,8,4.492319931159727e-05,0.00022441090550273657,-8.216987771447748e-05
0,9,0.00016879633767530322,0.00012477698328439146,2.688441236387007e-05
0,10,0.00038055836921557784,-9.463332389714196e-05,0.0007277052500285208
0,11,-0.00020889699226245284,-3.6831595934927464e-05,0.0002225332282250747
1,0,0.0037130846176296473,0.00012363489076960832,8.475859794998541e-05
1,1,0.001917713787406683,-0.0004224151198286563,-2.3889204385341145e-05
1,2,5.248551315162331e-05,-9.430175850866362e-06,1.9715071175596677e-05
1,3,-5.664245327352546e-05,2.643740299390629e-05,5.3757772548124194e-05
1,4,0.00031791688525117934,-6.281953392317519e-05,-0.00026649609208106995
1,5,0.00038325515924952924,2.3300970497075468e-05,9.701205271994695e-05
1,6,-3.785701483138837e-05,-6.54549239698099e-06,-5.621141099254601e-05
1,7,0.00034763687290251255,0.000135179769131355,0.00012553345004562289
1,8,-0.0001392814447171986,0.0003866789338644594,0.0002519719710107893
1,9,6.840837886556983e-05,-0.00020442689128685743,1.7379325072397478e-05
1,10,0.0001699273707345128,-1.659091935835022e-06,-0.00011820201325463131
1,11,0.0006126580992713571,-0.0002667466178536415,0.00020420216605998576
2,0,0.0004873002180829644,-5.3187959565548226e-05,1.7671601426627603e-06
2,1,0.00018091716628987342,0.0001603633281774819,9.294230403611436e-05
2,2,0.007117808796465397,-0.00019337078265380114,-2.3102025807020254e-05
2,3,0.0007770469528622925,-0.00016192664043046534,4.3092179112136364e-05
2,4,0.000106868363218382,-7.293127418961376e-05,-0.00010327877680538222
2,5,0.0009097828879021108,-6.412863058358198e-06,-0.0001988368312595412
2,6,8.988569607026875e-05,-9.020744619192556e-05,0.00017973700596485287
2,7,-0.00027795869391411543,-0.00011442945105955005,-2.0009803847642615e-05
2,8,0.0006408798508346081,0.00013107563427183777,0.0002672562550287694
2,9,0.0040814741514623165,0.0003932109393645078,-0.00015367416199296713
2,10,-7.770469528622925e-05,4.0257848013425246e-05,-7.037202158244327e-05
2,11,-2.7134934498462826e-05,-2.4537614081054926e-05,-5.364233584259637e-05
3,0,-6.105606007622555e-05,0.0018555610440671444,0.00023221147421281785
3,1,0.00018923963943962008,-0.0003072034160140902,4.4240405259188265e-05
3,2,0.0006756360526196659,-0.00015333275950979441,0.00014462467515841126
3,3,0.002851739525794983,2.5271985578001477e-05,1.653565777814947e-05
3,4,-8.977026300271973e-05,-8.2465834566392e-05,-0.00019023066852241755
3,5,0.00033002052805386484,0.00010957866470562294,-1.4837267372058704e-05
3,6,0.0008464254788123071,0.00040327722672373056,0.0001389830285916105
3,7,0.012740197591483593,0.00022239077952690423,-0.000359173136530444
3,8,0.0010440194746479392,7.302092126337811e-05,0.0003089472302235663
3,9,0.00011785447713918984,-4.1790452087298036e-05,4.5680902985623106e-05
3,10,-0.000718789582606405,0.0006651718285866082,0.0001599408860784024
3,11,0.00023930221504997462,-3.773789330807631e-06,4.692614311352372e-05
4,0,0.00039397599175572395,1.5399713220176636e-06,-4.141098543186672e-05
4,1,0.00012494153634179384,2.692248199309688e-05,-3.8937698263907805e-05
4,2,-1.724178400763776e-05,0.000134611182147637,2.5356721380376257e-05
4,3,0.0009340380784124136,0.00020740245236083865,1.7658092474448495e-05
4,4,-1.8004402591031976e-05,-0.00045496452366933227,6.597070023417473e-05
4,5,0.0001844207727117464,5.1813771278830245e-05,8.865519339451566e-05
4,6,0.0010048116091638803,0.0010664780857041478,-0.00027991252136416733
4,7,-0.0017344621010124683,0.0005029590683989227,0.0004644585424102843
4,8,6.767646118532866e-05,0.0009304902050644159,-7.658839604118839e-05
4,9,0.0002900819818023592,0.0002592604432720691,8.512946806149557e-05
4,10,-1.1069618267356418e-05,-4.956030534231104e-05,-0.00010608855518512428
4,11,0.2422054409980774,0.00011720115435309708,7.0548863732256e-05
