layer,position,recovered
0,0,0.0
0,1,5.7767345424508676e-05
0,2,0.0010510513093322515
0,3,0.001071486040018499
0,4,0.0018343293340876698
0,5,-0.0005816032062284648
0,6,9.069866064237431e-05
0,7,-0.0027799848467111588
0,8,0.0021344837732613087
0,9,0.0026450371369719505
0,10,-2.6643714591045864e-05
0,11,0.0007314839167520404
0,12,0.00020191063231322914
0,13,0.002173702698200941
0,14,-0.00049923564074561
0,15,0.00023209111532196403
0,16,0.00028514277073554695
0,17,-0.0006787466700188816
0,18,0.00010295948595739901
0,19,0.0011222583707422018
0,20,-0.000582703563850373
0,21,0.000481944705825299
0,22,-0.0014496067306026816
0,23,-0.0004690551431849599
0,24,-0.0011803401866927743
0,25,0.0010067237308248878
0,26,0.0008874164777807891
0,27,0.0009892756352201104
0,28,-0.0004302291781641543
0,29,-0.0008080354891717434
0,30,0.00041348845115862787
0,31,3.6939663914381526e-06
0,32,0.000424413155997172
0,33,-0.00023327003873419017
0,34,0.00016575692279729992
0,35,0.0003012547385878861
0,36,0.0012322128750383854
0,37,0.0020869337022304535
0,38,0.00040429283399134874
0,39,0.0008030054159462452
0,40,0.0010011434787884355
0,41,0.0007361210300587118
0,42,0.0001183641143143177
0,43,0.0008118866244331002
0,44,0.001786072039976716
0,45,-0.00014712988922838122
0,46,-0.0006038456340320408
0,47,-0.0013550568837672472
0,48,0.0008464684360660613
0,49,-0.0012563415803015232
0,50,0.002329320879653096
0,51,0.0
0,52,0.0
0,53,0.0
0,54,0.0
0,55,0.0
0,56,0.0
0,57,0.0
0,58,0.0
0,59,0.0
0,60,0.0
0,61,0.0
0,62,0.0
0,63,0.0
0,64,0.0
0,65,0.0
0,66,0.0
0,67,0.0
0,68,0.0
0,69,0.0
0,70,0.0
0,71,0.0
0,72,0.0
0,73,0.0
0,74,0.0
0,75,0.0
0,76,0.0
0,77,0.0
0,78,0.0
0,79,0.0
0,80,0.0
0,81,0.0
0,82,0.0
0,83,0.0
0,84,0.0
0,85,0.0
0,86,0.0
0,87,0.0
0,88,0.0
0,89,0.0
0,90,0.0
0,91,0.0
0,92,0.0
0,93,0.0
0,94,0.0
0,95,0.0
0,96,0.0
0,97,0.0
0,98,0.0
0,99,0.0
0,100,0.0
1,0,0.0
1,1,-2.8058424504706636e-05
1,2,0.0008032412151806056
1,3,0.0009652255685068667
1,4,0.001322439988143742
1,5,-0.001111490884795785
1,6,0.0006298605585470796
1,7,-0.002370740519836545
1,8,0.001420605112798512
1,9,0.0025350041687488556
1,10,-0.00021440723503474146
1,11,0.0013635451905429363
1,12,0.0009411754435859621
1,13,0.002350384369492531
1,14,-0.00018760633247438818
1,15,0.0012204236118122935
1,16,0.00012056477135047317
1,17,0.00019884541688952595
1,18,0.00047974404878914356
1,19,0.0011373487068340182
1,20,-0.00015884055756032467
1,21,0.0003150874690618366
1,22,-0.001262157573364675
1,23,-0.0003190958232153207
1,24,-0.0009385032462887466
1,25,0.001120843691751361
1,26,0.0009014063980430365
1,27,0.0010657486272975802
1,28,0.0003484903718344867
1,29,-0.001041855663061142
1,30,2.0906278223264962e-05
1,31,0.0002430944296065718
1,32,0.0002850641612894833
1,33,0.00045176423736847937
1,34,1.8155451471102424e-05
1,35,0.0004507424891926348
1,36,0.0014907119330018759
1,37,0.0017090488690882921
1,38,0.00026879500364884734
1,39,0.0007589135784655809
1,40,0.0013331288937479258
1,41,0.0004941269289702177
1,42,0.0004667758767027408
1,43,0.0008500838303007185
1,44,0.0016279388219118118
1,45,-0.00020670492085628211
1,46,-0.0003127296222373843
1,47,-0.0009556369623169303
1,48,0.0008469400345347822
1,49,-0.0010373757686465979
1,50,0.002525808522477746
1,51,0.00026242880267091095
1,52,0.00019656616495922208
1,53,0.000555509643163532
1,54,0.0003028266364708543
1,55,0.00040004870970733464
1,56,5.698139648302458e-05
1,57,8.221039752243087e-05
1,58,0.0008847442222759128
1,59,0.0007112849853001535
1,60,0.0006321397959254682
1,61,-0.0001951514568645507
1,62,0.0003327713639009744
1,63,0.00046072405530139804
1,64,0.00023515633074566722
1,65,-0.0004015419981442392
1,66,-1.1239088962611277e-05
1,67,-0.0003671959857456386
1,68,9.109163511311635e-05
1,69,0.00021511458908207715
1,70,0.00024356599897146225
1,71,0.0006895142141729593
1,72,-0.0003469184448476881
1,73,-5.690280158887617e-05
1,74,0.00023688541841693223
1,75,0.0004413896822370589
1,76,5.533090006792918e-05
1,77,-3.568214378901757e-05
1,78,-0.00024348740407731384
1,79,0.00012913162936456501
1,80,0.00043973917490802705
1,81,0.00019185047131031752
1,82,0.0003210606810171157
1,83,-0.0002577916893642396
1,84,0.00025323318550363183
1,85,0.00025260442635044456
1,86,0.0004249633348081261
1,87,7.953817112138495e-05
1,88,0.0003630304418038577
1,89,0.0004792724794242531
1,90,0.0003445605980232358
1,91,0.00032247541821561754
1,92,0.00024458771804347634
1,93,0.00029999722028151155
1,94,0.00012339420209173113
1,95,0.0002310693816980347
1,96,0.00014995931996963918
1,97,-0.0001534960902063176
1,98,2.4600243705208413e-05
1,99,3.418883716221899e-05
1,100,0.0
2,0,0.0
2,1,-0.0002302834327565506
2,2,0.0007589135784655809
2,3,0.0014551084022969007
2,4,0.0017187946941703558
2,5,-0.0006983954226598144
2,6,0.0007067265105433762
2,7,-0.0022523764055222273
2,8,0.0012583850184455514
2,9,0.0025392482057213783
2,10,-0.00025936358724720776
2,11,0.0013901888160035014
2,12,0.0011730308178812265
2,13,0.002104381797835231
2,14,0.00010901130735874176
2,15,0.001453772303648293
2,16,0.0004963275860063732
2,17,0.0002399506192887202
2,18,0.00047046985127963126
2,19,0.0013504198286682367
2,20,-1.5011650248197839e-05
2,21,0.0006472300738096237
2,22,-0.0011632064124569297
2,23,-8.951973723014817e-05
2,24,-0.0009248277056030929
2,25,0.001034546410664916
2,26,0.0008752342546358705
2,27,0.0010292804799973965
2,28,0.00041317407158203423
2,29,-0.0011301179183647037
2,30,-9.337089431937784e-05
2,31,0.000398241012590006
2,32,0.00028922970523126423
2,33,0.0004074366297572851
2,34,2.3657103156438097e-05
2,35,0.0004652825591620058
2,36,0.0016482163919135928
2,37,0.0016443651402369142
2,38,0.00039470422780141234
2,39,0.0008471758337691426
2,40,0.0013548997230827808
2,41,0.0005685564246959984
2,42,0.000553073245100677
2,43,0.000989118474535644
2,44,0.0015408555045723915
2,45,-1.4304295291367453e-05
2,46,-0.000494755688123405
2,47,-0.000873505137860775
2,48,0.0010351751698181033
2,49,-0.0007990756421349943
2,50,0.00276025733910501
2,51,0.0004993142210878432
2,52,0.0002927664900198579
2,53,0.0007032683352008462
2,54,0.00010075882892124355
2,55,0.00023122657148633152
2,56,0.0001607268350198865
2,57,-4.055503450217657e-05
2,58,0.0010872050188481808
2,59,0.0005722503992728889
2,60,0.0009963491465896368
2,61,-0.00015577534213662148
2,62,0.00048666042857803404
2,63,0.0005092172068543732
2,64,0.0002659655874595046
2,65,-0.0005774376913905144
2,66,2.2478177925222553e-05
2,67,-0.00047707182238809764
2,68,2.129925269400701e-05
2,69,0.0002244673960376531
2,70,0.0003837795229628682
2,71,0.0008924465510062873
2,72,-0.000373797956854105
2,73,-0.00011231229291297495
2,74,0.0003045557241421193
2,75,0.00032113929046317935
2,76,8.700470061739907e-05
2,77,3.151660712319426e-05
2,78,-0.0004577374493237585
2,79,9.093444532481954e-05
2,80,0.0006525745266117156
2,81,0.00014995931996963918
2,82,0.0006430645007640123
2,83,-0.00018186889064963907
2,84,0.0004597809165716171
2,85,0.0003680605150293559
2,86,0.0009517071885056794
2,87,0.00028922970523126423
2,88,0.0004430401895660907
2,89,0.000445633806521073
2,90,0.0005178626743145287
2,91,0.00041600348777137697
2,92,0.0004046072135679424
2,93,0.0003812644863501191
2,94,0.00027068128110840917
2,95,0.00042323421803303063
2,96,0.0002302048378624022
2,97,-0.00020851261797361076
2,98,0.00016599270747974515
2,99,-3.308850864414126e-05
2,100,0.0
3,0,0.0
3,1,0.000165049554198049
3,2,0.002226518467068672
3,3,0.0016819336451590061
3,4,0.002139199525117874
3,5,0.0006985526415519416
3,6,0.0010295163374394178
3,7,-0.001527808723039925
3,8,0.0021235591266304255
3,9,0.002189578954130411
3,10,0.000882936583366245
3,11,0.0012605070369318128
3,12,0.001339102047495544
3,13,0.001771689159795642
3,14,0.0006515528075397015
3,15,0.0017470888560637832
3,16,0.0010769091313704848
3,17,0.0005558240227401257
3,18,0.0010197705123573542
3,19,0.0016757246339693666
3,20,0.000590563053265214
3,21,0.0010681850835680962
3,22,-0.000788543897215277
3,23,0.0002944955776911229
3,24,-0.0006660142680630088
3,25,0.0012015608372166753
3,26,0.0011381346266716719
3,27,0.001482852385379374
3,28,0.00040641488158144057
3,29,-0.0007644938305020332
3,30,-0.0005789310089312494
3,31,0.0007811560062691569
3,32,0.0007119137444533408
3,33,0.0008457610965706408
3,34,0.0010141116799786687
3,35,0.000933787552639842
3,36,0.001898148562759161
3,37,0.0017565203597769141
3,38,0.00019782368326559663
3,39,0.0010402052430436015
3,40,0.0014600598951801658
3,41,0.0009058077121153474
3,42,0.0011617131531238556
3,43,0.0020983300637453794
3,44,0.0021714235190302134
3,45,0.0004101874656043947
3,46,-0.0005002573598176241
3,47,-0.00023067640722729266
3,48,0.0009745783754624426
3,49,0.0006870777579024434
3,50,0.00247684377245605
3,51,0.00025857763830572367
3,52,0.0003642093506641686
3,53,0.0005202990723773837
3,54,0.00018320501840207726
3,55,0.000279483909253031
3,56,0.00027704748208634555
3,57,0.0001527101412648335
3,58,0.0007254321244545281
3,59,0.0003484117623884231
3,60,0.000925849424675107
3,61,6.146130908746272e-05
3,62,0.0005677705048583448
3,63,0.0004854029102716595
3,64,0.000276025733910501
3,65,-0.0006267167627811432
3,66,0.00014320014452096075
3,67,-0.00013125369150657207
3,68,5.281585981720127e-05
3,69,4.00048702431377e-05
3,70,0.0003593364672269672
3,71,0.0008654884877614677
3,72,-0.00012362998677417636
3,73,-0.0002756327739916742
3,74,0.0003495120909065008
3,75,9.973709529731423e-05
3,76,2.9315946449059993e-05
3,77,7.828064553905278e-05
3,78,-0.000161591378855519
3,79,0.00014320014452096075
3,80,0.0004790367092937231
3,81,-0.0002933166397269815
3,82,0.0007129355217330158
3,83,-0.00018076856213156134
3,84,0.0002831778838299215
3,85,0.0003796925884671509
3,86,0.0009882538579404354
3,87,0.0004450050473678857
3,88,0.0004129382723476738
3,89,0.00023319144384004176
3,90,0.00062019337201491
3,91,0.000553073245100677
3,92,-8.716189040569589e-05
3,93,0.0003189386334270239
3,94,0.0006561112822964787
3,95,0.00043447333155199885
3,96,0.0002039540995610878
3,97,-8.551139035262167e-05
3,98,0.00019970997527707368
3,99,-7.568701403215528e-05
3,100,0.0
4,0,0.0
4,1,0.0002978751726914197
4,2,0.008532118983566761
4,3,0.004242088180035353
4,4,0.002956823678687215
4,5,0.002993370173498988
4,6,0.0042699892073869705
4,7,0.0018197107128798962
4,8,0.003182548563927412
4,9,0.00424177385866642
4,10,0.0053624603897333145
4,11,0.002192487008869648
4,12,0.0022851505782455206
4,13,0.003508953610435128
4,14,0.0033437469974160194
4,15,0.003506752895191312
4,16,0.0030006796587258577
4,17,0.002983624581247568
4,18,0.0022680952679365873
4,19,0.0036798191722482443
4,20,0.0036207158118486404
4,21,0.003528288099914789
4,22,0.0027511403895914555
4,23,0.0032285265624523163
4,24,0.0016493166331201792
4,25,0.0021763748954981565
4,26,0.0031907223165035248
4,27,0.0023147021420300007
4,28,0.0024182903580367565
4,29,0.001256184303201735
4,30,0.0012311910977587104
4,31,0.004077195655554533
4,32,0.002063669729977846
4,33,0.0038617667742073536
4,34,0.0034571595024317503
4,35,0.0022731253411620855
4,36,0.0027122357860207558
4,37,0.0018991702236235142
4,38,0.0028559076599776745
4,39,0.002011718461290002
4,40,0.0031823914032429457
4,41,0.0028460046742111444
4,42,0.003339974442496896
4,43,0.003976751118898392
4,44,0.0035145338624715805
4,45,0.002241766080260277
4,46,0.002404693514108658
4,47,0.0006418856210075319
4,48,0.002706891391426325
4,49,0.0016693584620952606
4,50,0.0029028288554400206
4,51,0.0007402079645544291
4,52,0.00010091601870954037
4,53,0.0003439318388700485
4,54,0.0003370940685272217
4,55,0.0002636077406350523
4,56,-3.1123632652452216e-05
4,57,8.299635373987257e-05
4,58,0.0006744239362888038
4,59,0.00014257138536777347
4,60,0.000786107499152422
4,61,0.00010987585119437426
4,62,0.0006188572733663023
4,63,0.00025205424753949046
4,64,0.000187763522262685
4,65,-0.0005474143545143306
4,66,-0.00015058807912282646
4,67,-0.00010319527063984424
4,68,-9.910832886816934e-05
4,69,0.00040350688504986465
4,70,1.4225700397219043e-05
4,71,0.0007063335506245494
4,72,-0.000246395415160805
4,73,-0.0005149546195752919
4,74,0.00031862425385043025
4,75,0.0001077537817764096
4,76,-0.00016764320025686175
4,77,-5.313023939379491e-05
4,78,-4.141958197578788e-05
4,79,-8.967692701844499e-05
4,80,0.00041891151340678334
4,81,-0.00033167103538289666
4,82,0.0007126211421564221
4,83,-1.5326029824791476e-05
4,84,0.000307149370200932
4,85,0.0003433816891629249
4,86,0.0011404925025999546
4,87,0.00037466251524165273
4,88,0.0004867390089202672
4,89,0.0005507939495146275
4,90,0.0003056560817640275
4,91,0.00044948497088626027
4,92,0.00010806816135300323
4,93,0.00018548427033238113
4,94,0.0009092658874578774
4,95,0.0006080111488699913
4,96,-7.309337888727896e-06
4,97,-0.0003731691977009177
4,98,0.00016135559417307377
4,99,2.8294209641899215e-06
4,100,0.0
5,0,0.0
5,1,0.0004964848048985004
5,2,0.012059306725859642
5,3,0.009032062254846096
5,4,0.009493100456893444
5,5,0.011081977747380733
5,6,0.010611901059746742
5,7,0.012901294976472855
5,8,0.008315511047840118
5,9,0.009775649756193161
5,10,0.012113302014768124
5,11,0.008296962827444077
5,12,0.009222498163580894
5,13,0.009310681372880936
5,14,0.009172983467578888
5,15,0.010245019569993019
5,16,0.009053832851350307
5,17,0.010286988690495491
5,18,0.009218096733093262
5,19,0.009894013404846191
5,20,0.009020587429404259
5,21,0.01065190602093935
5,22,0.009403030388057232
5,23,0.01142166554927826
5,24,0.007428409066051245
5,25,0.006879973225295544
5,26,0.008751556277275085
5,27,0.007238444872200489
5,28,0.008467042818665504
5,29,0.00640195794403553
5,30,0.006237301509827375
5,31,0.010863404721021652
5,32,0.006332322955131531
5,33,0.009833338670432568
5,34,0.009134314022958279
5,35,0.007285994943231344
5,36,0.007934640161693096
5,37,0.007234986871480942
5,38,0.008154233917593956
5,39,0.008047973737120628
5,40,0.00970750767737627
5,41,0.008527403697371483
5,42,0.009265568107366562
5,43,0.010099932551383972
5,44,0.00897240824997425
5,45,0.008520408533513546
5,46,0.0075720022432506084
5,47,0.0059589967131614685
5,48,0.007162522058933973
5,49,0.007360660471022129
5,50,0.006376964971423149
5,51,0.0005823105457238853
5,52,0.00018650600395631045
5,53,0.00012842427531722933
5,54,0.00030864268774166703
5,55,0.00018666319374460727
5,56,-4.8100158892339095e-05
5,57,2.7822639822261408e-05
5,58,0.0005383759271353483
5,59,-8.779064955888316e-05
5,60,0.0008655670681037009
5,61,6.86134590068832e-05
5,62,0.0007595423376187682
5,63,-0.0003127296222373843
5,64,0.00015703287499491125
5,65,-0.000542148482054472
5,66,-0.00034055227297358215
5,67,0.00017644584295339882
5,68,-0.00017903947446029633
5,69,0.0005154262180440128
5,70,6.484089681180194e-05
5,71,0.0007766760536469519
5,72,-0.0002514254883863032
5,73,-0.0004652825591620058
5,74,0.0004230770282447338
5,75,0.0002301262429682538
5,76,-0.00020112468337174505
5,77,-0.00022823996550869197
5,78,-1.273239467991516e-05
5,79,-0.0002885223657358438
5,80,0.00044516223715618253
5,81,-0.00030266944668255746
5,82,0.0008492192719131708
5,83,-5.533090006792918e-05
5,84,0.00035116259823553264
5,85,0.0002663585473783314
5,86,0.0009752857149578631
5,87,0.0001976664934772998
5,88,0.0004031138960272074
5,89,0.0007002817001193762
5,90,0.0003158734180033207
5,91,0.0005895413341931999
5,92,0.0002334272430744022
5,93,-2.059189682768192e-05
5,94,0.0009221554500982165
5,95,0.000745631055906415
5,96,-0.00016355625120922923
5,97,-0.00039737645420245826
5,98,0.0002596779668238014
5,99,-0.0001288958446821198
5,100,0.0
6,0,0.0
6,1,0.0003815002564806491
6,2,0.008768847212195396
6,3,0.00533526623621583
6,4,0.005716059356927872
6,5,0.006661636289209127
6,6,0.006800984963774681
6,7,0.009089043363928795
6,8,0.007167866453528404
6,9,0.0061524976044893265
6,10,0.007229406386613846
6,11,0.005354993510991335
6,12,0.00728678097948432
6,13,0.005545901134610176
6,14,0.007279000245034695
6,15,0.007627962157130241
6,16,0.00602768873795867
6,17,0.006047965958714485
6,18,0.006322184111922979
6,19,0.00609944574534893
6,20,0.005733507219702005
6,21,0.007291025016456842
6,22,0.006185035686939955
6,23,0.007186100818216801
6,24,0.004517484921962023
6,25,0.004538234323263168
6,26,0.006905123591423035
6,27,0.0046028392389416695
6,28,0.005435632076114416
6,29,0.004081597086042166
6,30,0.004114606883376837
6,31,0.007105226628482342
6,32,0.004251126665621996
6,33,0.006536512635648251
6,34,0.006156977266073227
6,35,0.005413468461483717
6,36,0.005434374790638685
6,37,0.004901657346636057
6,38,0.004910067189484835
6,39,0.004530296195298433
6,40,0.007138079032301903
6,41,0.005615300498902798
6,42,0.006399364676326513
6,43,0.006181105971336365
6,44,0.005191437434405088
6,45,0.004976244177669287
6,46,0.005269717890769243
6,47,0.00411240616813302
6,48,0.0046107773669064045
6,49,0.004980881232768297
6,50,0.0048915972001850605
6,51,0.002792795654386282
6,52,0.002865574788302183
6,53,0.004303549416363239
6,54,0.0037601434160023928
6,55,0.0038128020241856575
6,56,0.004751383792608976
6,57,0.003169501665979624
6,58,0.0044889552518725395
6,59,0.00434473343193531
6,60,0.004259143024682999
6,61,0.003789302194491029
6,62,0.0035322962794452906
6,63,0.0031886002980172634
6,64,0.004684420768171549
6,65,0.0026755318976938725
6,66,0.003746467875316739
6,67,0.003934388514608145
6,68,0.0032236536499112844
6,69,0.0044462778605520725
6,70,0.0030341611709445715
6,71,0.004114764276891947
6,72,0.004940405022352934
6,73,0.0027898091357201338
6,74,0.0034386897459626198
6,75,0.004971607122570276
6,76,0.002786115277558565
6,77,0.0030993162654340267
6,78,0.00281896791420877
6,79,0.003376992652192712
6,80,0.005243703257292509
6,81,0.0024576664436608553
6,82,0.004587120376527309
6,83,0.0037125148810446262
6,84,0.0026673581451177597
6,85,0.004718767013400793
6,86,0.004183691926300526
6,87,0.004459482152014971
6,88,0.004387017339468002
6,89,0.005162199959158897
6,90,0.004172059707343578
6,91,0.005251719616353512
6,92,0.004088277462869883
6,93,0.004221417475491762
6,94,0.005168094765394926
6,95,0.00412348797544837
6,96,0.0033020914997905493
6,97,0.0037475682329386473
6,98,0.004180312622338533
6,99,0.0027754262555390596
6,100,0.0
7,0,0.0
7,1,0.00031878144363872707
7,2,0.00348018785007298
7,3,0.0028746132738888264
7,4,0.002673409879207611
7,5,0.003405129536986351
7,6,0.003828363958746195
7,7,0.004897649399936199
7,8,0.0029812667053192854
7,9,0.0025254155043512583
7,10,0.003305628430098295
7,11,0.002975136274471879
7,12,0.004960053600370884
7,13,0.003133112331852317
7,14,0.005244096275418997
7,15,0.0052521126344799995
7,16,0.004172767046838999
7,17,0.002594343386590481
7,18,0.004119401331990957
7,19,0.004120816010981798
7,20,0.004390789661556482
7,21,0.004901500418782234
7,22,0.004346069414168596
7,23,0.0038470695726573467
7,24,0.0024494139943271875
7,25,0.0031537041068077087
7,26,0.0038863669615238905
7,27,0.0037787703331559896
7,28,0.0038377167657017708
7,29,0.0025561461225152016
7,30,0.0029115527868270874
7,31,0.004152254201471806
7,32,0.003099001944065094
7,33,0.004387017339468002
7,34,0.0039771441370248795
7,35,0.0034606961999088526
7,36,0.0035442428197711706
7,37,0.002441240241751075
7,38,0.0030386410653591156
7,39,0.0026634284295141697
7,40,0.004754606168717146
7,41,0.0036919228732585907
7,42,0.003742931177839637
7,43,0.004395820200443268
7,44,0.002794367726892233
7,45,0.0025697429664433002
7,46,0.0032616150565445423
7,47,0.0025083604268729687
7,48,0.0029214557725936174
7,49,0.0030717295594513416
7,50,0.002883337205275893
7,51,0.0059729078784585
7,52,0.0050735450349748135
7,53,0.006481103133410215
7,54,0.008461697958409786
7,55,0.007488534320145845
7,56,0.011278936639428139
7,57,0.006585163064301014
7,58,0.006317861378192902
7,59,0.008111556991934776
7,60,0.005507310852408409
7,61,0.007361446041613817
7,62,0.006363132037222385
7,63,0.006106833927333355
7,64,0.008444721810519695
7,65,0.00546982092782855
7,66,0.006681834813207388
7,67,0.008339246734976768
7,68,0.006529596634209156
7,69,0.007397206965833902
7,70,0.00647638738155365
7,71,0.007433439139276743
7,72,0.0094321109354496
7,73,0.00700336741283536
7,74,0.006860167253762484
7,75,0.009249849244952202
7,76,0.005423449911177158
7,77,0.006290982011705637
7,78,0.005890933331102133
7,79,0.006455402821302414
7,80,0.010005304589867592
7,81,0.0063365669921040535
7,82,0.008771912194788456
7,83,0.008058269508183002
7,84,0.005436496809124947
7,85,0.008910161443054676
7,86,0.007044550962746143
7,87,0.009280029684305191
7,88,0.008257193490862846
7,89,0.00909305177628994
7,90,0.008298062719404697
7,91,0.009412776678800583
7,92,0.007710093632340431
7,93,0.007420235313475132
7,94,0.009480761364102364
7,95,0.007784523069858551
7,96,0.00657934695482254
7,97,0.0076476107351481915
7,98,0.0079683568328619
7,99,0.005633770488202572
7,100,0.0
8,0,0.0
8,1,0.00032829144038259983
8,2,0.0016622848343104124
8,3,0.0008632877725176513
8,4,0.0012623147340491414
8,5,0.0007921592914499342
8,6,0.0014723206404596567
8,7,0.0012093416880816221
8,8,0.001060718554072082
8,9,0.0009319798555225134
8,10,0.0006552467821165919
8,11,0.0011299607576802373
8,12,0.0010037370957434177
8,13,0.001085318741388619
8,14,0.0025100107304751873
8,15,0.001929665100760758
8,16,0.0013960835058242083
8,17,0.0006586263189092278
8,18,0.0016713233198970556
8,19,0.0016775323310866952
8,20,0.0014288576785475016
8,21,0.0017911806935444474
8,22,0.0017250822857022285
8,23,0.0009961134055629373
8,24,0.0008317711763083935
8,25,0.00101324706338346
8,26,0.0008797141490504146
8,27,0.0010883839568123221
8,28,0.0010397336445748806
8,29,0.000481944705825299
8,30,0.0010336032137274742
8,31,0.0012643582886084914
8,32,0.0010382403852418065
8,33,0.0010603255359455943
8,34,0.0010786381317302585
8,35,0.0011862347600981593
8,36,0.0012016394175589085
8,37,0.0007395792054012418
8,38,0.0006267167627811432
8,39,0.0006831479840911925
8,40,0.00175298354588449
8,41,0.0008478045929223299
8,42,0.0008363297092728317
8,43,0.0018278060015290976
8,44,0.0007907446124590933
8,45,0.0005948857869952917
8,46,0.0005186485941521823
8,47,0.0008997559198178351
8,48,0.0005778306513093412
8,49,0.0006018021376803517
8,50,0.0012385004665702581
8,51,0.00958206970244646
8,52,0.009923565201461315
8,53,0.011837590485811234
8,54,0.014547782950103283
8,55,0.01433392520993948
8,56,0.017485035583376884
8,57,0.013907311484217644
8,58,0.012410233728587627
8,59,0.0158314760774374
8,60,0.012515000998973846
8,61,0.015005834400653839
8,62,0.014987757429480553
8,63,0.015422387979924679
8,64,0.016231130808591843
8,65,0.013249943032860756
8,66,0.014410162344574928
8,67,0.015715783461928368
8,68,0.014112759381532669
8,69,0.014224600046873093
8,70,0.013723949901759624
8,71,0.013973410241305828
8,72,0.017328396439552307
8,73,0.014056170359253883
8,74,0.015315734781324863
8,75,0.016734767705202103
8,76,0.013435113243758678
8,77,0.014163138344883919
8,78,0.01295756921172142
8,79,0.01477578654885292
8,80,0.016591018065810204
8,81,0.0132634611800313
8,82,0.01631876453757286
8,83,0.016800159588456154
8,84,0.012951439246535301
8,85,0.016287876293063164
8,86,0.013517951592803001
8,87,0.016525469720363617
8,88,0.015355031937360764
8,89,0.016021596267819405
8,90,0.015744155272841454
8,91,0.01714801974594593
8,92,0.014796143397688866
8,93,0.01434178464114666
8,94,0.01628991961479187
8,95,0.01575390249490738
8,96,0.01386699266731739
8,97,0.015225114300847054
8,98,0.014748514629900455
8,99,0.011235395446419716
8,100,0.0
9,0,0.0
9,1,0.00028302069404162467
9,2,0.0015690712025389075
9,3,0.0007888582767918706
9,4,0.001076437532901764
9,5,0.0006238873465918005
9,6,0.0015094175469130278
9,7,0.0010218925308436155
9,8,0.0008390019065700471
9,9,0.0006825192249380052
9,10,0.0005234428681433201
9,11,0.0009196404134854674
9,12,0.000728340120986104
9,13,0.000759935355745256
9,14,0.0019353240495547652
9,15,0.001546985935419798
9,16,0.0011999888811260462
9,17,0.00047840795014053583
9,18,0.0012969751842319965
9,19,0.001463596592657268
9,20,0.0010644125286489725
9,21,0.001372662140056491
9,22,0.0016841342439875007
9,23,0.0006958803860470653
9,24,0.0008217110298573971
9,25,0.0009275785414502025
9,26,0.0006215294706635177
9,27,0.0009333159541711211
9,28,0.0009592523565515876
9,29,0.0005028509767726064
9,30,0.0008950401679612696
9,31,0.0008959047263488173
9,32,0.0009379530674777925
9,33,0.0007884653168730438
9,34,0.0007619787938892841
9,35,0.0010198490926995873
9,36,0.0010308524360880256
9,37,0.0005915847723372281
9,38,0.00044068231363780797
9,39,0.0005527588655240834
9,40,0.001317881396971643
9,41,0.0007030325359664857
9,42,0.0006866061594337225
9,43,0.00150603789370507
9,44,0.0007186729344539344
9,45,0.0005322455544956028
9,46,7.702313268964645e-06
9,47,0.0008742125355638564
9,48,0.0004424900107551366
9,49,0.0004702340520452708
9,50,0.000991476234048605
9,51,0.009829958900809288
9,52,0.010823243297636509
9,53,0.013624998740851879
9,54,0.015565195120871067
9,55,0.015925945714116096
9,56,0.018488381057977676
9,57,0.015448403544723988
9,58,0.015124434605240822
9,59,0.01760607212781906
9,60,0.014483020640909672
9,61,0.017202094197273254
9,62,0.017236124724149704
9,63,0.017715634778141975
9,64,0.01781049743294716
9,65,0.01599573902785778
9,66,0.015826445072889328
9,67,0.017703058198094368
9,68,0.016043132171034813
9,69,0.016256438568234444
9,70,0.016224371269345284
9,71,0.015451625920832157
9,72,0.019276294857263565
9,73,0.016515487805008888
9,74,0.018012095242738724
9,75,0.018894873559474945
9,76,0.015929089859128
9,77,0.016930390149354935
9,78,0.01564772054553032
9,79,0.017316214740276337
9,80,0.018639205023646355
9,81,0.01594921015202999
9,82,0.018682902678847313
9,83,0.01898101344704628
9,84,0.015421366319060326
9,85,0.018195221200585365
9,86,0.015630271285772324
9,87,0.018883241340517998
9,88,0.017095597460865974
9,89,0.017961636185646057
9,90,0.017475290223956108
9,91,0.018850231543183327
9,92,0.016614360734820366
9,93,0.016056492924690247
9,94,0.017713118344545364
9,95,0.017568504437804222
9,96,0.015903862193226814
9,97,0.01715572364628315
9,98,0.016935814172029495
9,99,0.013362019322812557
9,100,0.0
10,0,0.0
10,1,0.0002610140945762396
10,2,0.0010730578796938062
10,3,0.0005147188203409314
10,4,0.0007875221781432629
10,5,0.0004726705083157867
10,6,0.0012418014230206609
10,7,0.00037890663952566683
10,8,0.0006687651039101183
10,9,0.0005529946065507829
10,10,0.0004315653059165925
10,11,0.0007442948990501463
10,12,0.0006777249509468675
10,13,0.0005518157267943025
10,14,0.0012564987409859896
10,15,0.0011167568154633045
10,16,0.0008090572082437575
10,17,0.00035713581019081175
10,18,0.0010604041162878275
10,19,0.0004917691112495959
10,20,0.0008034769562073052
10,21,0.0010648840107023716
10,22,0.0011988099431619048
10,23,0.000429364648880437
10,24,0.0006904573529027402
10,25,0.0006238873465918005
10,26,0.00046072405530139804
10,27,0.0007937311893329024
10,28,0.0007650440093129873
10,29,0.0004806871875189245
10,30,0.0005830179434269667
10,31,0.0008055204525589943
10,32,0.000511103484313935
10,33,0.0006101332255639136
10,34,0.0005057590315118432
10,35,0.0008065421716310084
10,36,0.0007656727684661746
10,37,0.00043761712731793523
10,38,0.0004007560492027551
10,39,0.0002840424422174692
10,40,0.0010026367381215096
10,41,0.0003926607605535537
10,42,0.0004562441317830235
10,43,0.0011697298614308238
10,44,0.0006090328679420054
10,45,0.000319724582368508
10,46,5.5802469432819635e-05
10,47,0.0008058348321355879
10,48,0.0004901185748167336
10,49,0.0005798741476610303
10,50,0.000686841958668083
10,51,0.014054599218070507
10,52,0.015060929581522942
10,53,0.01896372251212597
10,54,0.01891491562128067
10,55,0.01977529563009739
10,56,0.01992635428905487
10,57,0.020022397860884666
10,58,0.019157538190484047
10,59,0.02102959342300892
10,60,0.018942423164844513
10,61,0.019796594977378845
10,62,0.021410858258605003
10,63,0.01995905116200447
10,64,0.01990647055208683
10,65,0.019752895459532738
10,66,0.018724793568253517
10,67,0.020363107323646545
10,68,0.019601207226514816
10,69,0.01995079778134823
10,70,0.020098714157938957
10,71,0.0189248975366354
10,72,0.021928327158093452
10,73,0.018819736316800117
10,74,0.02032451704144478
10,75,0.020322317257523537
10,76,0.019206581637263298
10,77,0.019881870597600937
10,78,0.018892986699938774
10,79,0.022092433646321297
10,80,0.020855583250522614
10,81,0.01924210600554943
10,82,0.02051243744790554
10,83,0.021344680339097977
10,84,0.019565524533391
10,85,0.021123120561242104
10,86,0.020264705643057823
10,87,0.02185939997434616
10,88,0.019989702850580215
10,89,0.020637167617678642
10,90,0.019828425720334053
10,91,0.021745122969150543
10,92,0.020116161555051804
10,93,0.019060002639889717
10,94,0.021219242364168167
10,95,0.0204020906239748
10,96,0.01861271820962429
10,97,0.019911186769604683
10,98,0.020866116508841515
10,99,0.017729703336954117
10,100,0.0
11,0,0.0
11,1,0.00015404625446535647
11,2,0.0006334759527817369
11,3,0.00023885029077064246
11,4,0.0005319311749190092
11,5,0.0002977965632453561
11,6,0.0008289417601190507
11,7,8.73190801939927e-05
11,8,0.0003445605980232358
11,9,0.00026376493042334914
11,10,0.0001731448428472504
11,11,0.0004586020077113062
11,12,0.0002867932489607483
11,13,0.0001886280660983175
11,14,0.0004168680461589247
11,15,0.00041435298044234514
11,16,0.0004450050473678857
11,17,0.0003974550636485219
11,18,0.0005201419116929173
11,19,0.00014768005348742008
11,20,0.0005357037298381329
11,21,0.000556531420443207
11,22,0.00044932778109796345
11,23,0.000246159645030275
11,24,0.000405157363275066
11,25,0.00028247054433450103
11,26,0.0002489104517735541
11,27,0.00034212417085655034
11,28,0.00041600348777137697
11,29,0.000298503931844607
11,30,0.00025456931325607
11,31,0.0004146673600189388
11,32,0.0002619572333060205
11,33,0.0003084854979533702
11,34,0.00023091219190973788
11,35,0.00041930447332561016
11,36,0.00029496714705601335
11,37,0.0003142229397781193
11,38,0.00020206782210152596
11,39,0.00026958095259033144
11,40,0.00040610050200484693
11,41,0.00019145749683957547
11,42,0.00022179516963660717
11,43,0.0005945714074186981
11,44,0.0002849069715011865
11,45,0.0001732234377413988
11,46,0.00015365327999461442
11,47,0.0004041356442030519
11,48,0.00021817980450578034
11,49,0.0002552766527514905
11,50,0.0003183098742738366
11,51,0.01600218378007412
11,52,0.016592903062701225
11,53,0.02035587653517723
11,54,0.02027633786201477
11,55,0.02041458711028099
11,56,0.02015121467411518
11,57,0.020507723093032837
11,58,0.02059653401374817
11,59,0.021530872210860252
11,60,0.019646713510155678
11,61,0.020361535251140594
11,62,0.022315800189971924
11,63,0.0202805045992136
11,64,0.020598027855157852
11,65,0.01992957666516304
11,66,0.01945989392697811
11,67,0.0206128042191267
11,68,0.019998976960778236
11,69,0.020272722467780113
11,70,0.020938266068696976
11,71,0.019576529040932655
11,72,0.022252297028899193
11,73,0.018984628841280937
11,74,0.020631352439522743
11,75,0.0204659104347229
11,76,0.019349467009305954
11,77,0.020001335069537163
11,78,0.01892772689461708
11,79,0.022259918972849846
11,80,0.021122099831700325
11,81,0.019549256190657616
11,82,0.02070680260658264
11,83,0.021499590948224068
11,84,0.01996706798672676
11,85,0.02134043723344803
11,86,0.021296188235282898
11,87,0.022095106542110443
11,88,0.020234839990735054
11,89,0.020748065784573555
11,90,0.019877862185239792
11,91,0.022010380402207375
11,92,0.020746808499097824
11,93,0.01934986002743244
11,94,0.021274888888001442
11,95,0.02065524458885193
11,96,0.019236212596297264
11,97,0.01993531547486782
11,98,0.021176015958189964
11,99,0.018270278349518776
11,100,0.0
0,first_half,1.0
1,first_half,0.9839255213737488
2,first_half,0.9811484813690186
3,first_half,0.9824795722961426
4,first_half,0.9204556345939636
5,first_half,0.9234235286712646
6,first_half,0.3505535423755646
7,first_half,0.1839699000120163
8,first_half,0.05666308477520943
9,first_half,0.04582742601633072
10,first_half,0.03246469795703888
11,first_half,0.01674962230026722
0,second_half,0.0
1,second_half,-0.008894678205251694
2,second_half,-0.008136549964547157
3,second_half,-0.006274791434407234
4,second_half,-0.015719635412096977
5,second_half,-0.016522010788321495
6,second_half,0.15379074215888977
7,second_half,0.4556322395801544
8,second_half,0.87263023853302
9,second_half,0.894356369972229
10,second_half,0.981937825679779
11,second_half,0.9981160759925842
