up_layer,up_head,induction_head,k_comp,q_comp,v_comp
0,0,L5H5,0.02968323975801468,0.0341118760406971,0.033847883343696594
0,0,L6H9,0.0304395854473114,0.0349322073161602,0.036127202212810516
0,0,L5H1,0.028291864320635796,0.031724024564027786,0.03608570247888565
0,0,L7H10,0.03341144323348999,0.03509026765823364,0.036911942064762115
0,0,L7H2,0.031719788908958435,0.03530598059296608,0.03711101785302162
0,1,L5H5,0.027568940073251724,0.047073185443878174,0.02716183289885521
0,1,L6H9,0.027780840173363686,0.050195012241601944,0.0466756634414196
0,1,L5H1,0.025902649387717247,0.03888653963804245,0.04196159914135933
0,1,L7H10,0.030273819342255592,0.04599833860993385,0.049279652535915375
0,1,L7H2,0.028973445296287537,0.037043217569589615,0.051090314984321594
0,2,L5H5,0.030866457149386406,0.03594821318984032,0.033531416207551956
0,2,L6H9,0.030982092022895813,0.03769215941429138,0.038613684475421906
0,2,L5H1,0.029448552057147026,0.034515343606472015,0.03713060915470123
0,2,L7H10,0.035140421241521835,0.036552295088768005,0.035392630845308304
0,2,L7H2,0.0333998017013073,0.03541988879442215,0.03723391517996788
0,3,L5H5,0.026003755629062653,0.03803454712033272,0.02811514213681221
0,3,L6H9,0.026426447555422783,0.037808723747730255,0.03689838573336601
0,3,L5H1,0.02456168830394745,0.031890448182821274,0.03365587070584297
0,3,L7H10,0.028504861518740654,0.036699388176202774,0.046221185475587845
0,3,L7H2,0.02752760425209999,0.032108306884765625,0.04337029531598091
0,4,L5H5,0.025748563930392265,0.03765013813972473,0.028678128495812416
0,4,L6H9,0.026428746059536934,0.036626338958740234,0.034644465893507004
0,4,L5H1,0.02466367371380329,0.03179539367556572,0.03169931471347809
0,4,L7H10,0.028420675545930862,0.03587251156568527,0.04224748536944389
0,4,L7H2,0.02732684276998043,0.03189466893672943,0.0395817905664444
0,5,L5H5,0.02526257000863552,0.035289861261844635,0.02668440341949463
0,5,L6H9,0.026141831651329994,0.038236744701862335,0.03747096285223961
0,5,L5H1,0.02430843748152256,0.031671348959207535,0.03549377620220184
0,5,L7H10,0.028476489707827568,0.036270901560783386,0.04812290146946907
0,5,L7H2,0.027528399601578712,0.03216543421149254,0.045777976512908936
0,6,L5H5,0.028746899217367172,0.031415052711963654,0.029325712472200394
0,6,L6H9,0.029705991968512535,0.03380463644862175,0.033530041575431824
0,6,L5H1,0.026928847655653954,0.03179599717259407,0.03421342745423317
0,6,L7H10,0.03205421566963196,0.033050648868083954,0.03578644618391991
0,6,L7H2,0.030667932704091072,0.033021677285432816,0.03436926379799843
0,7,L5H5,0.04054383561015129,0.04279238358139992,0.03460035100579262
0,7,L6H9,0.04158961772918701,0.04315238818526268,0.03473072499036789
0,7,L5H1,0.04032408818602562,0.04508025571703911,0.034737758338451385
0,7,L7H10,0.04122818633913994,0.03973476216197014,0.03427961841225624
0,7,L7H2,0.03949828818440437,0.04067745432257652,0.03392452001571655
0,8,L5H5,0.026502765715122223,0.03249422833323479,0.02963259629905224
0,8,L6H9,0.027848590165376663,0.03305220976471901,0.03504728525876999
0,8,L5H1,0.024816934019327164,0.031730301678180695,0.036876972764730453
0,8,L7H10,0.034133218228816986,0.03232801705598831,0.03698800131678581
0,8,L7H2,0.03300848230719566,0.0322163887321949,0.03353438153862953
0,9,L5H5,0.030113285407423973,0.03337249532341957,0.035032790154218674
0,9,L6H9,0.03092236816883087,0.0345621258020401,0.03891453891992569
0,9,L5H1,0.028316382318735123,0.031081615015864372,0.039028264582157135
0,9,L7H10,0.04127739369869232,0.034146279096603394,0.03121226653456688
0,9,L7H2,0.03633062541484833,0.032772861421108246,0.033392973244190216
0,10,L5H5,0.029579216614365578,0.037619758397340775,0.031456559896469116
0,10,L6H9,0.029639827087521553,0.040952377021312714,0.03957967460155487
0,10,L5H1,0.027974441647529602,0.03664892911911011,0.03885635361075401
0,10,L7H10,0.03524883836507797,0.038502637296915054,0.03663615882396698
0,10,L7H2,0.032193418592214584,0.03743507340550423,0.036704763770103455
0,11,L5H5,0.030155399814248085,0.02776879072189331,0.03192161023616791
0,11,L6H9,0.027889879420399666,0.027968352660536766,0.028864679858088493
0,11,L5H1,0.02367492765188217,0.026358313858509064,0.034593917429447174
0,11,L7H10,0.04302888363599777,0.02797873131930828,0.027254607528448105
0,11,L7H2,0.03726999834179878,0.02731803059577942,0.027951329946517944
1,0,L5H5,0.0796472430229187,0.05416971445083618,0.03601687029004097
1,0,L6H9,0.07884632050991058,0.05602015554904938,0.02905716933310032
1,0,L5H1,0.07023273408412933,0.06411649286746979,0.03187434747815132
1,0,L7H10,0.07229650765657425,0.04781123623251915,0.024435851722955704
1,0,L7H2,0.05757512152194977,0.048589516431093216,0.024762367829680443
1,1,L5H5,0.04614119976758957,0.0345548577606678,0.048175763338804245
1,1,L6H9,0.050292305648326874,0.03768778592348099,0.0350976437330246
1,1,L5H1,0.058912090957164764,0.06096871569752693,0.04295014590024948
1,1,L7H10,0.04911127686500549,0.03519390523433685,0.027434874325990677
1,1,L7H2,0.056316085159778595,0.04946800693869591,0.02562638372182846
1,2,L5H5,0.03937913104891777,0.02989785373210907,0.04391223564743996
1,2,L6H9,0.03924526646733284,0.03058350458741188,0.030323173850774765
1,2,L5H1,0.03742096573114395,0.03239851072430611,0.03796219453215599
1,2,L7H10,0.046577297151088715,0.03580543026328087,0.023566745221614838
1,2,L7H2,0.041994381695985794,0.034097716212272644,0.025194821879267693
1,3,L5H5,0.03284963592886925,0.026035161688923836,0.03643304109573364
1,3,L6H9,0.031494125723838806,0.026647189632058144,0.027341144159436226
1,3,L5H1,0.031895093619823456,0.0276932530105114,0.03788088634610176
1,3,L7H10,0.04291236773133278,0.0313451886177063,0.02333991974592209
1,3,L7H2,0.04163049906492233,0.031007841229438782,0.024099057540297508
1,4,L5H5,0.04796552285552025,0.035539910197257996,0.04740037024021149
1,4,L6H9,0.04741701856255531,0.03662280738353729,0.0326700434088707
1,4,L5H1,0.05325227603316307,0.0508335642516613,0.04461217299103737
1,4,L7H10,0.05209610238671303,0.0389055572450161,0.02529117278754711
1,4,L7H2,0.057365160435438156,0.048373252153396606,0.025905020534992218
1,5,L5H5,0.039457786828279495,0.03289201110601425,0.03381757810711861
1,5,L6H9,0.037966322153806686,0.0316251777112484,0.03449508175253868
1,5,L5H1,0.03835716098546982,0.031889162957668304,0.03650042787194252
1,5,L7H10,0.03890657424926758,0.0323668010532856,0.02913646213710308
1,5,L7H2,0.038718368858098984,0.03567580506205559,0.03254775330424309
1,6,L5H5,0.028076356276869774,0.04433664679527283,0.03594452142715454
1,6,L6H9,0.026454342529177666,0.036769766360521317,0.034768860787153244
1,6,L5H1,0.025538695976138115,0.03373191878199577,0.0333169624209404
1,6,L7H10,0.028032369911670685,0.036934614181518555,0.029988981783390045
1,6,L7H2,0.027643024921417236,0.035497087985277176,0.03171452507376671
1,7,L5H5,0.03449573367834091,0.03241473436355591,0.03896137326955795
1,7,L6H9,0.032672684639692307,0.03017859160900116,0.03299790620803833
1,7,L5H1,0.03460590913891792,0.03424430638551712,0.03763611242175102
1,7,L7H10,0.03653930127620697,0.03369946405291557,0.025644559413194656
1,7,L7H2,0.041729263961315155,0.040124330669641495,0.027828408405184746
1,8,L5H5,0.027526073157787323,0.023366743698716164,0.02930796518921852
1,8,L6H9,0.023808473721146584,0.021862713620066643,0.02146744355559349
1,8,L5H1,0.023002639412879944,0.023960458114743233,0.032262589782476425
1,8,L7H10,0.04028775915503502,0.02228844165802002,0.018239255994558334
1,8,L7H2,0.04170673340559006,0.024148864671587944,0.019189829006791115
1,9,L5H5,0.028336741030216217,0.02372989058494568,0.02554456889629364
1,9,L6H9,0.02592681348323822,0.022915005683898926,0.02108853869140148
1,9,L5H1,0.024136390537023544,0.02494044415652752,0.029032237827777863
1,9,L7H10,0.038245368748903275,0.02220800705254078,0.018105564638972282
1,9,L7H2,0.034993693232536316,0.023330381140112877,0.01919599063694477
1,10,L5H5,0.03260175511240959,0.025729823857545853,0.03916376829147339
1,10,L6H9,0.033374082297086716,0.028167471289634705,0.026019981130957603
1,10,L5H1,0.03331910818815231,0.028792303055524826,0.03454937785863876
1,10,L7H10,0.039960432797670364,0.032549548894166946,0.021438835188746452
1,10,L7H2,0.03841570019721985,0.0320315957069397,0.021335965022444725
1,11,L5H5,0.059419602155685425,0.035786278545856476,0.0375078059732914
1,11,L6H9,0.0593583881855011,0.03906864672899246,0.028727075085043907
1,11,L5H1,0.06005115434527397,0.055128924548625946,0.037826597690582275
1,11,L7H10,0.05653689056634903,0.036503273993730545,0.022565657272934914
1,11,L7H2,0.05573049560189247,0.04757706820964813,0.024692468345165253
2,0,L5H5,0.04078773036599159,0.035900555551052094,0.04640799015760422
2,0,L6H9,0.04273718222975731,0.03528590872883797,0.03601517528295517
2,0,L5H1,0.05127537250518799,0.048735979944467545,0.040913015604019165
2,0,L7H10,0.043713293969631195,0.034952592104673386,0.028994683176279068
2,0,L7H2,0.05117889493703842,0.04599137231707573,0.02887243777513504
2,1,L5H5,0.026967765763401985,0.026213213801383972,0.03363052383065224
2,1,L6H9,0.025088252499699593,0.025435930117964745,0.02828904427587986
2,1,L5H1,0.024248458445072174,0.024893974885344505,0.03131825104355812
2,1,L7H10,0.028586281463503838,0.029952295124530792,0.02296026609838009
2,1,L7H2,0.031440287828445435,0.03324665501713753,0.02386372722685337
2,2,L5H5,0.0699833407998085,0.051331326365470886,0.04009687528014183
2,2,L6H9,0.0709962546825409,0.049763988703489304,0.02989022061228752
2,2,L5H1,0.06364209204912186,0.05297616124153137,0.03260686621069908
2,2,L7H10,0.06525716930627823,0.04287708178162575,0.026198282837867737
2,2,L7H2,0.05536523461341858,0.041751570999622345,0.025363003835082054
2,3,L5H5,0.04101725295186043,0.03296671435236931,0.04360248148441315
2,3,L6H9,0.043647874146699905,0.03560006245970726,0.03298250213265419
2,3,L5H1,0.049798235297203064,0.04942862316966057,0.037569012492895126
2,3,L7H10,0.042903561145067215,0.03393544256687164,0.027778519317507744
2,3,L7H2,0.04724015295505524,0.043289873749017715,0.027294808998703957
2,4,L5H5,0.04472553730010986,0.04000455141067505,0.03596079722046852
2,4,L6H9,0.04235982522368431,0.038061339408159256,0.0321960523724556
2,4,L5H1,0.036534201353788376,0.036981746554374695,0.03143731504678726
2,4,L7H10,0.041216399520635605,0.036252230405807495,0.029144655913114548
2,4,L7H2,0.03533050790429115,0.0363241583108902,0.029416147619485855
2,5,L5H5,0.03810683265328407,0.035942208021879196,0.043773103505373
2,5,L6H9,0.04345601052045822,0.03702925518155098,0.03561419993638992
2,5,L5H1,0.04940541461110115,0.050800759345293045,0.040068067610263824
2,5,L7H10,0.04316079989075661,0.03551991656422615,0.029400816187262535
2,5,L7H2,0.05000688135623932,0.04607084393501282,0.027267884463071823
2,6,L5H5,0.038096871227025986,0.03673925623297691,0.053533609956502914
2,6,L6H9,0.03626454249024391,0.03292417898774147,0.035650111734867096
2,6,L5H1,0.048198483884334564,0.046397749334573746,0.050330694764852524
2,6,L7H10,0.044258665293455124,0.033352531492710114,0.0246074590831995
2,6,L7H2,0.056628745049238205,0.047552965581417084,0.025830553844571114
2,7,L5H5,0.032733358442783356,0.03140302002429962,0.04056186601519585
2,7,L6H9,0.031918469816446304,0.029670704156160355,0.03044268488883972
2,7,L5H1,0.03318686783313751,0.03225570544600487,0.039477165788412094
2,7,L7H10,0.03663071244955063,0.03429218381643295,0.02610393799841404
2,7,L7H2,0.036928772926330566,0.035543691366910934,0.025990737602114677
2,8,L5H5,0.040796056389808655,0.03362039849162102,0.045025814324617386
2,8,L6H9,0.042010918259620667,0.03608768433332443,0.0344775952398777
2,8,L5H1,0.044802527874708176,0.04656808450818062,0.03493354842066765
2,8,L7H10,0.04332822188735008,0.03746788576245308,0.027881696820259094
2,8,L7H2,0.042629241943359375,0.0435812771320343,0.02835417538881302
2,9,L5H5,0.07038965821266174,0.04473164305090904,0.04997222125530243
2,9,L6H9,0.06897000223398209,0.04651977866888046,0.036495279520750046
2,9,L5H1,0.06688249111175537,0.06323622167110443,0.04069796949625015
2,9,L7H10,0.061234746128320694,0.04379911720752716,0.0293862484395504
2,9,L7H2,0.058599717915058136,0.05117005854845047,0.027444714680314064
2,10,L5H5,0.04122477024793625,0.03140537068247795,0.05260235443711281
2,10,L6H9,0.04332693666219711,0.031118853017687798,0.03571147099137306
2,10,L5H1,0.057863011956214905,0.049382783472537994,0.04625067114830017
2,10,L7H10,0.04942268878221512,0.03490402176976204,0.024999409914016724
2,10,L7H2,0.06733788549900055,0.05090714618563652,0.025083225220441818
2,11,L5H5,0.04129800572991371,0.02972075715661049,0.03860306367278099
2,11,L6H9,0.0427422821521759,0.03137444332242012,0.029440537095069885
2,11,L5H1,0.043893322348594666,0.03920913487672806,0.03641274943947792
2,11,L7H10,0.041757937520742416,0.03352589160203934,0.024890203028917313
2,11,L7H2,0.041364286094903946,0.03535052016377449,0.02473270148038864
3,0,L5H5,0.020987439900636673,0.06170373037457466,0.047919757664203644
3,0,L6H9,0.020966583862900734,0.04381265491247177,0.056399598717689514
3,0,L5H1,0.01910575106739998,0.0355977863073349,0.051441144198179245
3,0,L7H10,0.02721519023180008,0.04651881754398346,0.03258376941084862
3,0,L7H2,0.026047470048069954,0.03942843899130821,0.046352818608284
3,1,L5H5,0.031616486608982086,0.03304438665509224,0.055131301283836365
3,1,L6H9,0.03216937929391861,0.029556775465607643,0.03822637349367142
3,1,L5H1,0.04390247166156769,0.041506312787532806,0.049977026879787445
3,1,L7H10,0.038460779935121536,0.032266438007354736,0.024515578523278236
3,1,L7H2,0.04968556389212608,0.045358266681432724,0.02618621475994587
3,2,L5H5,0.041546039283275604,0.03069259598851204,0.047503650188446045
3,2,L6H9,0.046608489006757736,0.036679886281490326,0.03397011011838913
3,2,L5H1,0.059173423796892166,0.05591265484690666,0.03780196234583855
3,2,L7H10,0.04635584354400635,0.03423318266868591,0.02659907564520836
3,2,L7H2,0.05432797223329544,0.04980801045894623,0.0255469661206007
3,3,L5H5,0.06419095396995544,0.050590887665748596,0.03611632063984871
3,3,L6H9,0.06439055502414703,0.04928837716579437,0.030153019353747368
3,3,L5H1,0.05507480725646019,0.04851243272423744,0.030312659218907356
3,3,L7H10,0.060194358229637146,0.04272475838661194,0.025558628141880035
3,3,L7H2,0.04870112985372543,0.04002534970641136,0.024899257346987724
3,4,L5H5,0.028409311547875404,0.060163091868162155,0.04900076985359192
3,4,L6H9,0.026932526379823685,0.04678035527467728,0.04676409810781479
3,4,L5H1,0.026999346911907196,0.04533786699175835,0.0474577471613884
3,4,L7H10,0.03169824182987213,0.04710869863629341,0.02840895764529705
3,4,L7H2,0.03207546845078468,0.0431072860956192,0.04013354331254959
3,5,L5H5,0.04002894461154938,0.037925414741039276,0.056650448590517044
3,5,L6H9,0.03660969436168671,0.03565872460603714,0.03764909505844116
3,5,L5H1,0.05130394548177719,0.05101083591580391,0.04611382633447647
3,5,L7H10,0.04495536908507347,0.04118754714727402,0.024578848853707314
3,5,L7H2,0.06333529204130173,0.061197429895401,0.025629429146647453
3,6,L5H5,0.054140605032444,0.04285142570734024,0.049094464629888535
3,6,L6H9,0.0511748343706131,0.04187827184796333,0.03554926812648773
3,6,L5H1,0.051489535719156265,0.04972219467163086,0.03747256100177765
3,6,L7H10,0.048241980373859406,0.03896345943212509,0.0275970920920372
3,6,L7H2,0.04661991074681282,0.043447095900774,0.028355253860354424
3,7,L5H5,0.07578279078006744,0.044556185603141785,0.05232435092329979
3,7,L6H9,0.07588686048984528,0.04798845946788788,0.03838534280657768
3,7,L5H1,0.06914753466844559,0.0625646635890007,0.03910427913069725
3,7,L7H10,0.06600997596979141,0.04449111223220825,0.028836969286203384
3,7,L7H2,0.059669967740774155,0.049166545271873474,0.0256222952157259
3,8,L5H5,0.03519671410322189,0.0339067317545414,0.04983113333582878
3,8,L6H9,0.04061027988791466,0.03498570993542671,0.0378803126513958
3,8,L5H1,0.04751437529921532,0.050064872950315475,0.03847774118185043
3,8,L7H10,0.04259274899959564,0.03637007623910904,0.027196794748306274
3,8,L7H2,0.04829942807555199,0.046979378908872604,0.02694614976644516
3,9,L5H5,0.031072799116373062,0.03271675109863281,0.03938906267285347
3,9,L6H9,0.030769571661949158,0.03390718623995781,0.033356472849845886
3,9,L5H1,0.031210198998451233,0.037654679268598557,0.034732237458229065
3,9,L7H10,0.034561362117528915,0.03617952764034271,0.028947433456778526
3,9,L7H2,0.03261204808950424,0.040159810334444046,0.028707804158329964
3,10,L5H5,0.061597857624292374,0.04554404318332672,0.053228337317705154
3,10,L6H9,0.06285864859819412,0.045075442641973495,0.03907986730337143
3,10,L5H1,0.06787337362766266,0.06351636350154877,0.04644891992211342
3,10,L7H10,0.06076658517122269,0.041822101920843124,0.02497437596321106
3,10,L7H2,0.06550953537225723,0.05665375292301178,0.026193754747509956
3,11,L5H5,0.036287978291511536,0.0323210284113884,0.049929432570934296
3,11,L6H9,0.035503026098012924,0.03306129202246666,0.035308193415403366
3,11,L5H1,0.04189613088965416,0.04495459422469139,0.03519023582339287
3,11,L7H10,0.03646562993526459,0.03403136134147644,0.0281515009701252
3,11,L7H2,0.03890741243958473,0.044936858117580414,0.029482277110219002
4,0,L5H5,0.03568458929657936,0.03620654717087746,0.05754682049155235
4,0,L6H9,0.03612642362713814,0.03718112036585808,0.03955741971731186
4,0,L5H1,0.034119926393032074,0.041046299040317535,0.029699303209781647
4,0,L7H10,0.040599219501018524,0.04205659031867981,0.025782320648431778
4,0,L7H2,0.03535675257444382,0.04335565119981766,0.026582814753055573
4,1,L5H5,0.02760123461484909,0.03059125319123268,0.05272745341062546
4,1,L6H9,0.029511235654354095,0.02970590442419052,0.03974364325404167
4,1,L5H1,0.03752030059695244,0.03994804620742798,0.043308161199092865
4,1,L7H10,0.036626916378736496,0.03511178866028786,0.026288021355867386
4,1,L7H2,0.04308127984404564,0.047779347747564316,0.02818797342479229
4,2,L5H5,0.03235037252306938,0.034768931567668915,0.05916576087474823
4,2,L6H9,0.026910824701189995,0.02959052473306656,0.04156005382537842
4,2,L5H1,0.02904987335205078,0.031117690727114677,0.05345477908849716
4,2,L7H10,0.03816898912191391,0.034866709262132645,0.024986358359456062
4,2,L7H2,0.04520189017057419,0.04248147830367088,0.027954144403338432
4,3,L5H5,0.0552712082862854,0.06009737029671669,0.0585964135825634
4,3,L6H9,0.0473848395049572,0.050145722925662994,0.04393961280584335
4,3,L5H1,0.04392461106181145,0.05254880338907242,0.03649323806166649
4,3,L7H10,0.045800067484378815,0.0523456446826458,0.025486791506409645
4,3,L7H2,0.03867218643426895,0.048370763659477234,0.029043542221188545
4,4,L5H5,0.03754652664065361,0.04969572648406029,0.05268906429409981
4,4,L6H9,0.03333058953285217,0.04230780899524689,0.046394333243370056
4,4,L5H1,0.032488953322172165,0.0450139045715332,0.042249079793691635
4,4,L7H10,0.03597535565495491,0.04354935139417648,0.028869645670056343
4,4,L7H2,0.033642638474702835,0.045513153076171875,0.03498578071594238
4,5,L5H5,0.029631657525897026,0.029954804107546806,0.055636774748563766
4,5,L6H9,0.030359847471117973,0.03051731362938881,0.03976414352655411
4,5,L5H1,0.033518582582473755,0.036465927958488464,0.03587992116808891
4,5,L7H10,0.03384559974074364,0.03275744989514351,0.025982502847909927
4,5,L7H2,0.03403811529278755,0.03821194916963577,0.027900977060198784
4,6,L5H5,0.040750641375780106,0.0324769988656044,0.06169367581605911
4,6,L6H9,0.04372644051909447,0.032682694494724274,0.045960407704114914
4,6,L5H1,0.06918410211801529,0.05788373947143555,0.05038796365261078
4,6,L7H10,0.05195166543126106,0.03892003372311592,0.027889851480722427
4,6,L7H2,0.07738074660301208,0.06331489235162735,0.02902829833328724
4,7,L5H5,0.09017816931009293,0.04683700203895569,0.062473442405462265
4,7,L6H9,0.09354757517576218,0.05324134975671768,0.0390850231051445
4,7,L5H1,0.0975867286324501,0.07846937328577042,0.04224158823490143
4,7,L7H10,0.08488556742668152,0.04813681170344353,0.022278599441051483
4,7,L7H2,0.08698707818984985,0.06791964918375015,0.020869100466370583
4,8,L5H5,0.02508331835269928,0.03442274034023285,0.04354241117835045
4,8,L6H9,0.023788422346115112,0.03135393559932709,0.04060111567378044
4,8,L5H1,0.021549029275774956,0.027912069112062454,0.041679657995700836
4,8,L7H10,0.030198724940419197,0.036870621144771576,0.02821911871433258
4,8,L7H2,0.0352233350276947,0.040109701454639435,0.029238341376185417
4,9,L5H5,0.03481948748230934,0.03282956779003143,0.056036241352558136
4,9,L6H9,0.03161730617284775,0.032334037125110626,0.03995664417743683
4,9,L5H1,0.04422496259212494,0.04880974814295769,0.038422275334596634
4,9,L7H10,0.03796278312802315,0.03804679960012436,0.02710646018385887
4,9,L7H2,0.04827381297945976,0.05645260587334633,0.028579484671354294
4,10,L5H5,0.025691501796245575,0.03377172350883484,0.043743737041950226
4,10,L6H9,0.023302726447582245,0.029858196154236794,0.03917733579874039
4,10,L5H1,0.02104124240577221,0.02722104825079441,0.04270428791642189
4,10,L7H10,0.02851414866745472,0.033411119133234024,0.031119322404265404
4,10,L7H2,0.029443582519888878,0.03342106193304062,0.03394373506307602
4,11,L5H5,0.09718892723321915,0.04284663870930672,0.05867118015885353
4,11,L6H9,0.10349374264478683,0.050554413348436356,0.040416885167360306
4,11,L5H1,0.1023116335272789,0.07049624621868134,0.04061990976333618
4,11,L7H10,0.08963892608880997,0.04169946163892746,0.02618083357810974
4,11,L7H2,0.08723592013120651,0.054096564650535583,0.02178196795284748
random,baseline,,0.03605524078011513,0.03605524078011513,0.03605524078011513
