layer,head,is_induction,ov_top1,ov_top5,ov_eig_share,dla_second_half,dla_first_half
0,0,False,0.0010000000474974513,0.006500000134110451,0.4720505259947496,0.0013715247623622417,0.0014512533089146018
0,1,False,0.0024999999441206455,0.007499999832361937,0.3941904994554837,0.012758945114910603,0.009083620272576809
0,2,False,0.0005000000237487257,0.007000000216066837,0.4088176927446158,0.005936077795922756,0.001462225103750825
0,3,False,0.0010000000474974513,0.007000000216066837,0.48510371285424375,0.0002566280891187489,-0.0014209020882844925
0,4,False,0.001500000013038516,0.006500000134110451,0.5665734091036099,-0.006313222926110029,-0.006531161721795797
0,5,False,0.0010000000474974513,0.004000000189989805,0.38682689376189866,0.00373830390162766,0.0025863477494567633
0,6,False,0.0010000000474974513,0.0035000001080334187,0.48815694304131285,-0.00504351407289505,-0.004095418844372034
0,7,False,0.0020000000949949026,0.00800000037997961,0.43737852349254175,-0.006647276226431131,-0.004812695551663637
0,8,False,0.001500000013038516,0.004000000189989805,0.3543190943338791,0.002758724382147193,0.002558227628469467
0,9,False,0.0,0.0005000000237487257,0.05893408759483463,-0.0012770702596753836,-0.0025276162195950747
0,10,False,0.0,0.0024999999441206455,0.1420863963720169,0.014439216814935207,0.00750961247831583
0,11,False,0.0,0.0010000000474974513,0.09408720463395413,-0.015686091035604477,-0.009554958902299404
1,0,False,0.006500000134110451,0.017000000923871994,0.3643626979766661,-0.0016405994538217783,-0.0013853037962689996
1,1,False,0.0044999998062849045,0.014499999582767487,0.43314221930025837,0.0002049679751507938,-0.003052789717912674
1,2,False,0.0,0.0005000000237487257,-0.36803616264245426,0.007831158116459846,0.005336033646017313
1,3,False,0.0005000000237487257,0.0020000000949949026,-0.2463128839666946,0.008599733002483845,0.007970308884978294
1,4,False,0.0024999999441206455,0.017000000923871994,0.3803601433454045,0.00215625180862844,0.002059669466689229
1,5,False,0.0,0.0,-0.07654300088630034,-0.0019711137283593416,0.0012692505260929465
1,6,False,0.4519999921321869,0.6625000238418579,0.9514832513112497,0.005991099402308464,0.0020878061186522245
1,7,False,0.2770000100135803,0.4964999854564667,0.9451803781948236,0.0029469814617186785,-0.00018323113908991218
1,8,False,0.0,0.0,-0.834125323696246,-0.004555420018732548,-0.0020442160312086344
1,9,False,0.0,0.0005000000237487257,-0.7697089886919931,-0.0006925936322659254,0.00046398010454140604
1,10,False,0.0005000000237487257,0.0005000000237487257,-0.11027969210749225,-0.003974186722189188,-0.005839687306433916
1,11,False,0.0005000000237487257,0.0005000000237487257,-0.8143377087349443,-0.0018294998444616795,0.0025946395471692085
2,0,False,0.001500000013038516,0.004999999888241291,0.07166456317603265,-0.00015286766574718058,0.002424611011520028
2,1,False,0.5515000224113464,0.7684999704360962,0.9802920213289882,0.007045731879770756,-0.0013302352745085955
2,2,False,0.003000000026077032,0.010999999940395355,0.29085968263193557,-0.0022790280636399984,-0.0009644767269492149
2,3,False,0.0005000000237487257,0.004000000189989805,0.22059656956064702,-0.004990687128156424,-0.005382693372666836
2,4,False,0.04899999871850014,0.14300000667572021,0.7536934856287437,-0.004604052286595106,-0.002407000632956624
2,5,False,0.0,0.0005000000237487257,-0.36744890312138867,-0.002462466713041067,-0.0036080419085919857
2,6,False,0.0,0.0005000000237487257,-0.25863086700707644,-0.0017602586885914207,-0.001212053932249546
2,7,False,0.0,0.0,-0.6735018405261124,-0.0023820274509489536,5.302338831825182e-05
2,8,False,0.003000000026077032,0.008999999612569809,0.28288070409544147,0.005170157179236412,0.007391664665192366
2,9,False,0.03449999913573265,0.09300000220537186,0.6427469207694254,0.0042441608384251595,0.0018941751914098859
2,10,False,0.0010000000474974513,0.0024999999441206455,0.16432810489251146,-0.00272681494243443,-0.003628405276685953
2,11,False,0.0,0.0005000000237487257,-0.43450297183545045,-0.0014836423797532916,0.002369527705013752
3,0,False,0.005499999970197678,0.029500000178813934,0.555603743477943,0.0005797500489279628,-0.0006939075537957251
3,1,False,0.0005000000237487257,0.004999999888241291,0.19393564616983447,-0.0028346905019134283,-0.00378991081379354
3,2,False,0.0010000000474974513,0.004999999888241291,0.15317078184289318,-0.0035934229381382465,-0.0015878407284617424
3,3,False,0.005499999970197678,0.020500000566244125,0.44751278050727783,-0.0024603137280792,4.2867904994636774e-05
3,4,False,0.0,0.0010000000474974513,-0.3577281526664308,-0.0012869006022810936,0.0030330631416291
3,5,False,0.16050000488758087,0.32499998807907104,0.8920125018228668,-0.0041481428779661655,-1.262280420633033e-05
3,6,False,0.0020000000949949026,0.008500000461935997,0.22297918436984243,-0.0007151343743316829,-0.0012535549467429519
3,7,False,0.009999999776482582,0.04500000178813934,0.5757188478102961,0.003688424825668335,0.0020535148214548826
3,8,False,0.0,0.0005000000237487257,-0.2817892200542021,-0.00018279239884577692,0.000974473194219172
3,9,False,0.004999999888241291,0.01549999974668026,0.4027044257869677,0.0016534760361537337,0.0008626665221527219
3,10,False,0.0,0.0,-0.850955321590223,-0.0025264499709010124,-0.004313300363719463
3,11,False,0.057500001043081284,0.13750000298023224,0.7899556795184268,0.0016744791064411402,0.0028491816483438015
4,0,False,0.005499999970197678,0.019999999552965164,0.4433296672130023,0.0029775379225611687,0.001621427247300744
4,1,False,0.0010000000474974513,0.006500000134110451,0.14938516669755225,-0.0017832100857049227,-0.002063087886199355
4,2,False,0.008999999612569809,0.028999999165534973,0.5447127041343258,-0.000632059178315103,-0.0009330643224529922
4,3,False,0.060499999672174454,0.15150000154972076,0.8226326115646865,-0.0024717641063034534,-0.002684360835701227
4,4,False,0.0,0.0,-0.9196253944253772,0.0011030565947294235,-0.0014426137786358595
4,5,False,0.010499999858438969,0.0364999994635582,0.5667723453198809,-0.00034963429789058864,-0.002139410935342312
4,6,False,0.0,0.0035000001080334187,-0.14127401507922493,-0.008996615186333656,0.00012288287689443678
4,7,False,0.0005000000237487257,0.0010000000474974513,-0.4020987337526384,0.009716709144413471,0.00546901673078537
4,8,False,0.09700000286102295,0.24400000274181366,0.8781190084110803,0.009414450265467167,0.010339044034481049
4,9,False,0.06300000101327896,0.17149999737739563,0.8037152598497687,0.00032216933323070407,0.0015142271295189857
4,10,False,0.0005000000237487257,0.001500000013038516,-0.1841710016204362,0.0008816223125904799,0.0008245987701229751
4,11,False,0.0024999999441206455,0.013000000268220901,0.33368670554933044,-0.004694101866334677,-0.0017851532902568579
5,0,False,0.10000000149011612,0.26499998569488525,0.9353156775954421,0.19306960701942444,0.004342925269156694
5,1,True,0.5575000047683716,0.7910000085830688,0.9865291783655513,0.6909856796264648,0.0028378355782479048
5,2,False,0.003000000026077032,0.010499999858438969,0.25753979181091363,0.0015890664653852582,-0.0006038026767782867
5,3,False,0.007000000216066837,0.03550000116229057,0.6205638089544631,-0.002056669909507036,-0.001990754157304764
5,4,False,0.0024999999441206455,0.011500000022351742,0.2400641304276747,0.0008721410995349288,-0.0010285561438649893
5,5,True,0.15549999475479126,0.3529999852180481,0.9529348639115701,0.3019518256187439,-0.0006217040936462581
5,6,False,0.009999999776482582,0.0215000007301569,0.46946889652829,-0.007075151428580284,-0.0031213383190333843
5,7,False,0.15700000524520874,0.32100000977516174,0.8653443763037251,0.00312619237229228,0.0023056629579514265
5,8,False,0.0,0.0010000000474974513,-0.15091925834547373,-0.003530175657942891,-0.0008230756502598524
5,9,False,0.0,0.0,-0.5791859570633024,-0.01311086118221283,-0.003577758790925145
5,10,False,0.429500013589859,0.6274999976158142,0.9450756466708867,0.004900528583675623,-0.0014659016160294414
5,11,False,0.0,0.0,-0.989104460110396,0.0011438311776146293,0.0034553201403468847
6,0,False,0.023000000044703484,0.07450000196695328,0.7524027591386042,0.0077434079721570015,0.0034532169811427593
6,1,False,0.1014999970793724,0.24250000715255737,0.8529603238665173,0.001955603715032339,0.0010887723183259368
6,2,False,0.0,0.0005000000237487257,-0.39152467855048767,-0.0062594288028776646,0.0004972349270246923
6,3,False,0.004000000189989805,0.012000000104308128,0.27144159414475605,0.0010396108264103532,-0.0010855754371732473
6,4,False,0.6029999852180481,0.7829999923706055,0.9747837864732543,0.017386434599757195,-0.0029493370093405247
6,5,False,0.0,0.0,-0.782942557306356,0.0032415874302387238,-0.0007654584478586912
6,6,False,0.0,0.0,-0.9686962927737365,-0.05554899573326111,0.005550318863242865
6,7,False,0.210999995470047,0.38100001215934753,0.9078187800210114,0.007275354117155075,-0.001138735213316977
6,8,False,0.00800000037997961,0.03150000050663948,0.5968616163629596,-0.00888434611260891,-0.004693441092967987
6,9,True,0.871999979019165,0.9700000286102295,0.9971096009810928,1.0759894847869873,-0.00042405788553878665
6,10,False,0.061000000685453415,0.15649999678134918,0.8884126392866429,0.025350356474518776,-0.004268334247171879
6,11,False,0.020500000566244125,0.07400000095367432,0.6548943257867219,0.008848914876580238,0.0015565851936116815
7,0,False,0.057999998331069946,0.14949999749660492,0.8498348332721444,0.010602151975035667,0.0026304314378648996
7,1,False,0.6650000214576721,0.8234999775886536,0.9865477408180641,0.24512749910354614,-0.00437968922778964
7,2,True,0.9240000247955322,0.9904999732971191,0.9959822233122846,1.505537986755371,-0.00013966702681500465
7,3,False,0.0,0.0,-0.9288056360999459,-0.022105874493718147,0.0005952194333076477
7,4,False,0.0020000000949949026,0.008500000461935997,0.3458767238578032,-0.0018242471851408482,-0.0009615761809982359
7,5,False,0.39100000262260437,0.609499990940094,0.928789373772726,0.0024062194861471653,-0.0008562373113818467
7,6,False,0.0005000000237487257,0.003000000026077032,-0.3152071913158598,-0.09581378102302551,0.005618994124233723
7,7,False,0.06700000166893005,0.19300000369548798,0.8535081750328888,0.1396888792514801,-0.004415160045027733
7,8,False,0.4429999887943268,0.6664999723434448,0.9683221798245688,-0.0006539782043546438,-0.0036012022756040096
7,9,False,0.0,0.0,-0.6135642786550949,-0.0015564410714432597,0.0015356859657913446
7,10,True,0.8920000195503235,0.9645000100135803,0.9954335990148643,1.1639474630355835,0.001743659726344049
7,11,False,0.15549999475479126,0.33399999141693115,0.966988211412325,0.04249944910407066,0.00010720799764385447
8,0,False,0.0005000000237487257,0.0010000000474974513,-0.43786256314860594,-0.002855991944670677,-0.0003316595684736967
8,1,False,0.7260000109672546,0.9070000052452087,0.99363701183235,0.4659147560596466,0.0027288617566227913
8,2,False,0.07349999994039536,0.24650000035762787,0.9172319515825684,0.005358721595257521,-0.0025878415908664465
8,3,False,0.004999999888241291,0.017999999225139618,0.2135363636239289,0.01603592373430729,-0.0005929275648668408
8,4,False,0.0430000014603138,0.12049999833106995,0.733668587934284,0.001390555640682578,0.0010492043802514672
8,5,False,0.03799999877810478,0.10400000214576721,0.8105511131052247,0.016743075102567673,0.0014251202810555696
8,6,False,0.45350000262260437,0.6825000047683716,0.9752612335841396,0.18830357491970062,-0.00480732973664999
8,7,False,0.08299999684095383,0.18299999833106995,0.8524786473530961,0.06842372566461563,0.0020247690845280886
8,8,False,0.7480000257492065,0.8934999704360962,0.9810929142259487,0.022944221273064613,-0.0007959373178891838
8,9,False,0.0,0.0,-0.4666326606224219,-0.007983677089214325,0.0024915379472076893
8,10,False,0.0,0.0,-0.9918818228758917,-0.2037087082862854,0.0031412066891789436
8,11,False,0.7384999990463257,0.8744999766349792,0.9912094414108819,0.010487659834325314,-0.0031451063696295023
9,0,False,0.45649999380111694,0.6485000252723694,0.938052132504757,0.27500852942466736,0.0026178257539868355
9,1,False,0.09749999642372131,0.18299999833106995,0.7310450611947515,0.23706255853176117,0.0009946193313226104
9,2,False,0.6909999847412109,0.8514999747276306,0.9952641843632859,0.19559058547019958,-0.00027026981115341187
9,3,False,0.296999990940094,0.4869999885559082,0.9610692442293556,0.07625897228717804,-0.00038487534038722515
9,4,False,0.0005000000237487257,0.0005000000237487257,-0.6375629138124043,0.011730797588825226,0.005443866364657879
9,5,False,0.0,0.0,-0.9000361781105622,-0.10939770191907883,-0.0015665733953937888
9,6,False,0.777999997138977,0.875,0.9970583231092637,1.405938744544983,-0.0003830408095382154
9,7,False,0.001500000013038516,0.0020000000949949026,-0.627922173022966,0.00034979594056494534,0.004110182635486126
9,8,False,0.30149999260902405,0.46700000762939453,0.9808908395871618,0.0751204565167427,-0.0016963704256340861
9,9,False,0.902999997138977,0.9520000219345093,0.9941638077015957,1.423356294631958,-0.0018784260610118508
9,10,False,0.039500001817941666,0.10050000250339508,0.7602335665963279,0.010265347547829151,0.004903354216367006
9,11,False,0.10499999672174454,0.2590000033378601,0.9745993637313465,0.08069164305925369,-0.002427286235615611
10,0,False,0.6274999976158142,0.753000020980835,0.9983272930149958,1.1657005548477173,-0.0010346893686801195
10,1,False,0.5929999947547913,0.762499988079071,0.9956346906026587,0.9492475390434265,-0.004159162286669016
10,2,False,0.5575000047683716,0.7114999890327454,0.994096749215353,0.0956173911690712,0.008542496711015701
10,3,False,0.10999999940395355,0.21400000154972076,0.9625460494582674,0.14915524423122406,-0.0006089553935453296
10,4,False,0.19499999284744263,0.3179999887943268,0.9451080397846746,0.1021808385848999,0.005805112887173891
10,5,False,0.006500000134110451,0.019999999552965164,0.5067701717764015,0.014868244528770447,0.0033599187154322863
10,6,False,0.4814999997615814,0.6784999966621399,0.9938998740614923,0.637080192565918,-0.00014334605657495558
10,7,False,0.0,0.0,-0.9989570829891747,-1.20863676071167,0.0004213429638184607
10,8,False,0.020500000566244125,0.03449999913573265,0.11905089378607223,0.03477780520915985,-0.001146000693552196
10,9,False,0.006000000052154064,0.02199999988079071,0.4670147772817251,0.020774558186531067,0.003423039335757494
10,10,False,0.37049999833106995,0.5274999737739563,0.9936143345657694,0.42031487822532654,0.003217503195628524
10,11,False,0.5665000081062317,0.7419999837875366,0.991934737162714,0.4612507224082947,0.0009223117958754301
11,0,False,0.0,0.001500000013038516,-0.8363961590849782,-0.003180398605763912,-0.006736389361321926
11,1,False,0.0885000005364418,0.17000000178813934,0.9332542111366283,0.12394914031028748,0.008771935477852821
11,2,False,0.48399999737739563,0.6434999704360962,0.9967566711742339,0.0897023156285286,0.01281690876930952
11,3,False,0.5665000081062317,0.7400000095367432,0.986860772429411,0.08054401725530624,-0.009551330469548702
11,4,False,0.005499999970197678,0.010499999858438969,-0.3843052754929975,-0.008820529095828533,-0.007685448043048382
11,5,False,0.08049999922513962,0.14100000262260437,0.6410179995504305,0.12313664704561234,0.004079683218151331
11,6,False,0.43650001287460327,0.5580000281333923,0.9937464172179986,0.1306585818529129,0.005514186341315508
11,7,False,0.0430000014603138,0.08349999785423279,0.6277725434967395,0.08710342645645142,0.00227164663374424
11,8,False,0.001500000013038516,0.006500000134110451,0.24251117349951323,0.1502862423658371,-0.005725193303078413
11,9,False,0.597000002861023,0.734000027179718,0.9949995560954186,1.0020360946655273,-0.00955803133547306
11,10,False,0.0,0.0,-0.9956564064411721,-0.7704676389694214,0.0029553156346082687
11,11,False,0.3959999978542328,0.5920000076293945,0.9779192771272258,0.016129596158862114,-0.006760529242455959
