layer,head,icl_zero,icl_mean
0,0,-12.905735969543457,-12.91547966003418
0,1,-12.727914810180664,-12.89152717590332
0,2,-12.867903709411621,-12.922735214233398
0,3,-12.844066619873047,-12.943321228027344
0,4,-12.952545166015625,-12.932229995727539
0,5,-12.810821533203125,-12.93953800201416
0,6,-14.103689193725586,-12.937301635742188
0,7,-13.195586204528809,-12.911012649536133
0,8,-15.803865432739258,-12.932625770568848
0,9,-12.983848571777344,-12.944194793701172
0,10,-12.750627517700195,-12.987137794494629
0,11,-13.528532981872559,-12.936506271362305
1,0,-12.937396049499512,-12.921359062194824
1,1,-12.872903823852539,-12.917425155639648
1,2,-13.015517234802246,-12.935365676879883
1,3,-12.823413848876953,-12.938850402832031
1,4,-12.818556785583496,-12.932109832763672
1,5,-12.931100845336914,-12.94802188873291
1,6,-12.967819213867188,-12.919963836669922
1,7,-12.877229690551758,-12.92796516418457
1,8,-12.955820083618164,-12.945123672485352
1,9,-12.891529083251953,-12.942441940307617
1,10,-12.593770027160645,-12.93884563446045
1,11,-12.90884017944336,-12.959630966186523
2,0,-12.863237380981445,-12.937369346618652
2,1,-12.914201736450195,-12.894596099853516
2,2,-12.910689353942871,-12.911620140075684
2,3,-12.837885856628418,-12.921751022338867
2,4,-12.99080753326416,-12.92568302154541
2,5,-12.957831382751465,-12.929703712463379
2,6,-12.888429641723633,-12.939774513244629
2,7,-12.918997764587402,-12.955070495605469
2,8,-12.957181930541992,-12.92971134185791
2,9,-12.83249282836914,-12.885684967041016
2,10,-12.895251274108887,-12.93420124053955
2,11,-12.921486854553223,-12.934330940246582
3,0,-12.92839241027832,-12.938271522521973
3,1,-12.920187950134277,-12.929266929626465
3,2,-12.898563385009766,-12.91701889038086
3,3,-12.936469078063965,-12.923806190490723
3,4,-12.989465713500977,-12.954636573791504
3,5,-12.839472770690918,-12.915559768676758
3,6,-12.907523155212402,-12.918594360351562
3,7,-12.954192161560059,-12.869943618774414
3,8,-12.946186065673828,-12.935091972351074
3,9,-12.94743824005127,-12.93109130859375
3,10,-12.93085765838623,-12.966838836669922
3,11,-12.921741485595703,-12.920387268066406
4,0,-12.945817947387695,-12.926888465881348
4,1,-12.942646980285645,-12.930536270141602
4,2,-12.977803230285645,-12.919939994812012
4,3,-12.942408561706543,-12.901899337768555
4,4,-12.959814071655273,-12.960909843444824
4,5,-12.927360534667969,-12.924650192260742
4,6,-12.929640769958496,-12.93095874786377
4,7,-12.884880065917969,-12.984889030456543
4,8,-12.96993637084961,-12.907408714294434
4,9,-12.930258750915527,-12.923828125
4,10,-12.877226829528809,-12.940196990966797
4,11,-12.68894100189209,-12.64366626739502
5,0,-12.971832275390625,-12.87255859375
5,1,-12.31246566772461,-12.92699146270752
5,2,-12.953607559204102,-12.919650077819824
5,3,-12.918401718139648,-12.91279411315918
5,4,-12.935314178466797,-12.930870056152344
5,5,-12.922628402709961,-12.934440612792969
5,6,-12.92287540435791,-12.900955200195312
5,7,-12.955127716064453,-12.930269241333008
5,8,-12.963403701782227,-12.938424110412598
5,9,-12.718157768249512,-12.964584350585938
5,10,-12.944092750549316,-12.88032341003418
5,11,-12.90140151977539,-12.975480079650879
6,0,-12.879587173461914,-12.904190063476562
6,1,-12.93724536895752,-12.926810264587402
6,2,-12.86861515045166,-12.93651008605957
6,3,-12.908462524414062,-12.920469284057617
6,4,-12.922700881958008,-12.877421379089355
6,5,-12.993865966796875,-12.981066703796387
6,6,-12.909281730651855,-13.023137092590332
6,7,-12.770471572875977,-12.904258728027344
6,8,-13.008489608764648,-12.912484169006348
6,9,-12.931090354919434,-12.890680313110352
6,10,-13.126293182373047,-12.860367774963379
6,11,-12.932535171508789,-12.921370506286621
7,0,-12.9138822555542,-12.917527198791504
7,1,-12.879982948303223,-12.887971878051758
7,2,-12.942581176757812,-12.893756866455078
7,3,-12.987038612365723,-12.95944881439209
7,4,-12.981307029724121,-12.929854393005371
7,5,-12.92233657836914,-12.918213844299316
7,6,-12.641529083251953,-12.988178253173828
7,7,-12.987675666809082,-12.881486892700195
7,8,-12.954787254333496,-12.924782752990723
7,9,-12.945054054260254,-12.938152313232422
7,10,-12.956053733825684,-12.92258358001709
7,11,-13.139139175415039,-12.863100051879883
8,0,-12.949967384338379,-12.944887161254883
8,1,-12.985162734985352,-12.917489051818848
8,2,-13.068182945251465,-12.880236625671387
8,3,-12.935084342956543,-12.928071975708008
8,4,-12.941489219665527,-12.93139362335205
8,5,-12.866896629333496,-12.907952308654785
8,6,-12.98970890045166,-12.860856056213379
8,7,-12.902595520019531,-12.913443565368652
8,8,-12.924593925476074,-12.906487464904785
8,9,-12.9285306930542,-12.953526496887207
8,10,-12.936868667602539,-13.007288932800293
8,11,-12.937646865844727,-12.918865203857422
9,0,-12.911660194396973,-12.923696517944336
9,1,-12.955392837524414,-12.925249099731445
9,2,-12.923707008361816,-12.9061918258667
9,3,-13.025193214416504,-12.880992889404297
9,4,-12.965229034423828,-12.928901672363281
9,5,-12.929726600646973,-12.964991569519043
9,6,-12.947587013244629,-12.92836856842041
9,7,-12.925889015197754,-12.935837745666504
9,8,-12.941548347473145,-12.910835266113281
9,9,-12.937427520751953,-12.927281379699707
9,10,-12.937420845031738,-12.932154655456543
9,11,-13.048822402954102,-12.878162384033203
10,0,-12.861668586730957,-12.864848136901855
10,1,-12.964208602905273,-12.885995864868164
10,2,-12.926462173461914,-12.898406982421875
10,3,-12.93814754486084,-12.917031288146973
10,4,-12.990096092224121,-12.897972106933594
10,5,-12.963988304138184,-12.907970428466797
10,6,-12.88101863861084,-12.894442558288574
10,7,-13.002612113952637,-13.000279426574707
10,8,-13.018336296081543,-12.932662963867188
10,9,-13.020136833190918,-12.92583179473877
10,10,-12.939117431640625,-12.923654556274414
10,11,-12.933697700500488,-12.890085220336914
11,0,-12.646417617797852,-12.913548469543457
11,1,-12.933674812316895,-12.90560245513916
11,2,-12.897536277770996,-12.920299530029297
11,3,-12.898629188537598,-12.89734172821045
11,4,-13.049043655395508,-12.934172630310059
11,5,-12.945699691772461,-12.929768562316895
11,6,-12.911016464233398,-12.922176361083984
11,7,-12.936112403869629,-12.925167083740234
11,8,-13.280299186706543,-12.903914451599121
11,9,-12.913737297058105,-12.87670612335205
11,10,-12.987443923950195,-12.986175537109375
11,11,-12.916153907775879,-12.933913230895996
