msg_size,fetch_bytes,reps,msgs,msgs_per_s_median,mb_per_s_median,mb_per_s_min,mb_per_s_max
100,4096,3,1000000,98823,9.9,6.4,11.5
100,16384,3,1000000,244421,24.4,16.0,26.7
100,65536,3,1000000,634261,63.4,40.5,66.0
100,262144,3,1000000,1240535,124.1,110.3,174.8
100,1048576,3,1000000,1900817,190.1,150.7,217.7
100,4194304,3,1000000,1721486,172.1,117.8,178.7
1000,4096,3,269000,6394,6.4,4.6,6.4
1000,16384,3,269000,26693,26.7,25.9,29.5
1000,65536,3,269000,90752,90.8,86.5,90.9
1000,262144,3,269000,182381,182.4,177.2,193.7
1000,1048576,3,269000,186639,186.6,182.3,300.8
1000,4194304,3,269000,254961,255.0,206.6,296.6
10000,4096,3,26936,1448,14.5,6.4,17.4
10000,16384,3,26936,1278,12.8,6.1,14.3
10000,65536,3,26936,4871,48.7,24.2,72.9
10000,262144,3,26936,6473,64.7,61.0,88.3
10000,1048576,3,26936,8251,82.5,63.2,121.0
10000,4194304,3,26936,6726,67.3,65.0,76.1
