msg_size,batch,reps,msgs,msgs_per_s_median,mb_per_s_median,mb_per_s_min,mb_per_s_max
100,1,3,24720,8240,0.8,0.7,0.8
100,10,3,226880,71111,7.1,5.0,7.6
100,100,3,1000000,559000,55.9,49.0,59.9
100,1000,3,1000000,2976292,297.6,277.9,465.5
1000,1,3,21776,8250,8.3,7.3,8.8
1000,10,3,94400,39252,39.3,31.4,43.3
1000,100,3,268500,228926,228.9,191.7,234.4
1000,1000,3,269000,685059,685.1,662.8,717.9
10000,1,3,19696,6133,61.3,54.7,65.5
10000,10,3,26850,21629,216.3,137.7,226.3
10000,100,3,26900,59559,595.6,585.3,771.8
10000,1000,3,27000,95239,952.4,757.3,1281.0
