exp,engine,workload,n,batch,seconds,ops_per_sec,cpu_seconds,ops_per_cpu_sec,p50_ns,p99_ns,p999_ns,max_ns,load1,note
main,std::map,fillseq,1000000,1,0.2596,3852003,0.2596,3852243,209,1000,1625,43375,4.3,""
main,std::map,readseq@seq,1000000,1,0.1341,7456345,0.1341,7456510,125,208,584,10834,4.3,""
main,std::map,readrandom@seq,1000000,1,0.7660,1305523,0.7659,1305621,709,1209,1667,29791,4.3,""
main,std::map,scanall@seq,1000000,1000000,0.0081,123627870,0.0081,123609394,8088791,8088791,8088791,8088791,4.3,""
main,std::map,fillrandom,1000000,1,0.8121,1231419,0.8112,1232778,791,1541,2584,171875,4.3,""
main,std::map,readseq@random,1000000,1,0.2424,4126205,0.2424,4126230,125,875,1291,9833,4.3,""
main,std::map,readrandom@random,1000000,1,1.1895,840719,1.1256,888430,1042,2375,17292,5138333,4.3,""
main,std::map,scanall@random,1000000,1000000,0.0886,11290861,0.0877,11403809,88567125,88567125,88567125,88567125,4.3,""
main,kvdb,fillseq,1000000,1,1.3712,729270,1.3683,730822,1083,3833,7958,83828334,4.2,"height=4 leaves=30304 fill=0.99 checkpoints=3 pool_hit=1.000 file_mb=122.1"
main,kvdb,readseq@seq,1000000,1,0.2726,3668542,0.2726,3668688,250,333,500,14083,4.2,""
main,kvdb,readrandom@seq,1000000,1,0.9357,1068689,0.9356,1068837,917,1292,1709,87458,4.2,""
main,kvdb,scanall@seq,1000000,1000000,0.0052,191837322,0.0052,191791331,5212625,5212625,5212625,5212625,4.2,""
main,kvdb,fillrandom,1000000,1,2.1777,459190,2.1686,461123,1791,4667,7875,126394291,4.2,"height=4 leaves=43324 fill=0.69 checkpoints=3 pool_hit=1.000 file_mb=170.9"
main,kvdb,readseq@random,1000000,1,0.2263,4419566,0.2262,4419948,167,584,791,34667,4.2,""
main,kvdb,readrandom@random,1000000,1,0.7921,1262471,0.7921,1262529,750,1209,2958,25667,4.1,""
main,kvdb,scanall@random,1000000,1000000,0.0164,61082847,0.0164,61094819,16371125,16371125,16371125,16371125,4.1,""
main,kvdb_pool16MiB,fillseq,1000000,1,1.3670,731519,1.3659,732128,1084,3500,6416,23965875,4.1,"height=4 leaves=30304 fill=0.99 checkpoints=9 pool_hit=0.988 file_mb=122.1"
main,kvdb_pool16MiB,readseq@seq,1000000,1,0.2922,3421771,0.2922,3421787,250,1083,1583,21667,4.1,""
main,kvdb_pool16MiB,readrandom@seq,1000000,1,1.4484,690410,1.4470,691096,1459,1958,4750,151667,4.1,""
main,kvdb_pool16MiB,scanall@seq,1000000,1000000,0.0245,40796413,0.0245,40794680,24511917,24511917,24511917,24511917,4.1,""
main,kvdb_pool16MiB,fillrandom,1000000,1,4.7356,211168,4.7326,211301,2542,5500,9667,21914666,4.0,"height=4 leaves=43324 fill=0.69 checkpoints=213 pool_hit=0.832 file_mb=178.9"
main,kvdb_pool16MiB,readseq@random,1000000,1,0.3220,3105526,0.3220,3105532,250,1417,1750,16833,4.0,""
main,kvdb_pool16MiB,readrandom@random,1000000,1,1.5647,639082,1.5612,640545,1542,2209,5334,95333,3.9,""
main,kvdb_pool16MiB,scanall@random,1000000,1000000,0.0425,23539150,0.0425,23538273,42482375,42482375,42482375,42482375,3.9,""
main,sqlite,fillseq,1000000,1,10.5516,94772,10.4412,95774,8375,33625,113458,5423708,4.3,"file_mb=135.2"
main,sqlite,readseq@seq,1000000,1,3.9488,253240,3.9219,254977,3708,5417,26333,1682125,4.3,""
main,sqlite,readrandom@seq,1000000,1,6.1906,161534,6.1192,163420,5625,12250,56959,1086375,5.2,""
main,sqlite,scanall@seq,1000000,1000000,0.0506,19745140,0.0505,19805510,50645208,50645208,50645208,50645208,5.2,""
main,sqlite,fillrandom,1000000,1,20.6333,48465,20.4615,48872,10750,74583,2093834,9595042,4.8,"file_mb=135.6"
main,sqlite,readseq@random,1000000,1,4.2395,235879,4.2375,235988,4125,6041,10000,259750,4.7,""
main,sqlite,readrandom@random,1000000,1,5.8334,171427,5.8317,171475,5750,7542,14334,633584,4.6,""
main,sqlite,scanall@random,1000000,1000000,0.0709,14110094,0.0709,14109945,70871167,70871167,70871167,70871167,4.6,""
